HeatFuel,FID
GAS,1001
GAS,1002
GAS,1003
OIL,1004
GAS,1005
GAS,1006
GAS,1007
OIL,1008
GAS,1009
GAS,1010
GAS,1011
GAS,1012
GAS,1013
GAS,1014
OIL,1015
GAS,1016
GAS,1017
GAS,1018
GAS,1019
GAS,1020
GAS,1021
GAS,1022
OIL,1023
OIL,1024
OIL,1025
GAS,1026
GAS,1027
GAS,1028
GAS,1029
GAS,1030
GAS,1031
GAS,1032
GAS,1033
GAS,1034
GAS,1035
ELECTRIC,1036
GAS,1037
GAS,1038
GAS,1039
OIL,1040
GAS,1041
GAS,1042
GAS,1043
GAS,1044
,1045
GAS,1046
OIL,1047
GAS,1048
GAS,1049
GAS,1050
GAS,1051
GAS,1052
GAS,1053
GAS,1054
GAS,1055
GAS,1056
OIL,1057
GAS,1058
GAS,1059
GAS,1060
GAS,1061
GAS,1062
OIL,1063
GAS,1064
,1065
GAS,1066
GAS,1067
GAS,1068
OIL,1069
GAS,1070
,1071
OIL,1072
GAS,1073
GAS,1074
GAS,1075
GAS,1076
GAS,1077
GAS,1078
GAS,1079
GAS,1080
GAS,1081
GAS,1082
ELECTRIC,1083
GAS,1084
GAS,1085
OIL,1086
OIL,1087
GAS,1088
OIL,1089
GAS,1090
GAS,1091
OIL,1092
GAS,1093
GAS,1094
OIL,1095
GAS,1096
GAS,1097
GAS,1098
,1099
GAS,1100
GAS,1101
GAS,1102
GAS,1103
GAS,1104
GAS,1105
OIL,1106
GAS,1107
GAS,1108
GAS,1109
GAS,1110
OIL,1111
GAS,1112
,1113
GAS,1114
GAS,1115
GAS,1116
,1117
GAS,1118
OIL,1119
GAS,1120
OIL,1121
GAS,1122
GAS,1123
GAS,1124
GAS,1125
GAS,1126
OIL,1127
GAS,1128
GAS,1129
GAS,1130
OIL,1131
GAS,1132
GAS,1133
GAS,1134
GAS,1135
GAS,1136
,1137
ELECTRIC,1138
GAS,1139
GAS,1140
GAS,1141
GAS,1142
GAS,1143
GAS,1144
GAS,1145
GAS,1146
GAS,1147
GAS,1148
GAS,1149
GAS,1150
GAS,1151
GAS,1152
GAS,1153
GAS,1154
GAS,1155
GAS,1156
,1157
GAS,1158
GAS,1159
GAS,1160
GAS,1161
OIL,1162
GAS,1163
GAS,1164
OIL,1165
,1166
GAS,1167
GAS,1168
GAS,1169
OIL,1170
GAS,1171
GAS,1172
GAS,1173
GAS,1174
GAS,1175
,1176
GAS,1177
OIL,1178
GAS,1179
GAS,1180
GAS,1181
GAS,1182
GAS,1183
GAS,1184
GAS,1185
OIL,1186
GAS,1187
GAS,1188
GAS,1189
GAS,1190
GAS,1191
GAS,1192
OIL,1193
GAS,1194
GAS,1195
GAS,1196
GAS,1197
GAS,1198
GAS,1199
GAS,1200
GAS,1201
GAS,1202
GAS,1203
GAS,1204
GAS,1205
,1206
GAS,1207
GAS,1208
,1209
GAS,1210
GAS,1211
GAS,1212
,1213
OIL,1214
GAS,1215
GAS,1216
GAS,1217
GAS,1218
GAS,1219
GAS,1220
GAS,1221
,1222
GAS,1223
GAS,1224
GAS,1225
GAS,1226
GAS,1227
GAS,1228
OIL,1229
GAS,1230
GAS,1231
GAS,1232
NONE,1233
OIL,1234
GAS,1235
GAS,1236
GAS,1237
GAS,1238
GAS,1239
GAS,1240
GAS,1241
GAS,1242
OIL,1243
GAS,1244
GAS,1245
OIL,1246
OIL,1247
GAS,1248
,1249
GAS,1250
GAS,1251
PROPANE,1252
OIL,1253
GAS,1254
GAS,1255
GAS,1256
OIL,1257
GAS,1258
GAS,1259
GAS,1260
GAS,1261
GAS,1262
GAS,1263
GAS,1264
GAS,1265
GAS,1266
GAS,1267
,1268
GAS,1269
GAS,1270
GAS,1271
GAS,1272
GAS,1273
GAS,1274
GAS,1275
GAS,1276
GAS,1277
GAS,1278
GAS,1279
GAS,1280
,1281
GAS,1282
GAS,1283
OIL,1284
GAS,1285
OIL,1286
ELECTRIC,1287
GAS,1288
GAS,1289
GAS,1290
GAS,1291
GAS,1292
GAS,1293
GAS,1294
GAS,1295
OIL,1296
GAS,1297
GAS,1298
GAS,1299
GAS,1300
GAS,1301
ELECTRIC,1302
GAS,1303
GAS,1304
GAS,1305
GAS,1306
OIL,1307
OIL,1308
GAS,1309
GAS,1310
GAS,1311
GAS,1312
GAS,1313
OIL,1314
GAS,1315
GAS,1316
GAS,1317
GAS,1318
GAS,1319
GAS,1320
GAS,1321
OIL,1322
OIL,1323
GAS,1325
GAS,1326
GAS,1327
GAS,1328
OIL,1329
GAS,1330
GAS,1331
GAS,1332
GAS,1333
GAS,1334
GAS,1335
GAS,1336
OIL,1337
GAS,1338
GAS,1339
PROPANE,1340
GAS,1341
OIL,1342
GAS,1343
OIL,1344
GAS,1345
GAS,1346
GAS,1347
GAS,1348
GAS,1349
GAS,1350
GAS,1351
GAS,1352
GAS,1353
GAS,1354
GAS,1355
GAS,1356
OIL,1357
GAS,1358
GAS,1359
GAS,1360
GAS,1361
GAS,1362
GAS,1363
GAS,1364
GAS,1365
GAS,1366
GAS,1367
GAS,1368
GAS,1369
GAS,1370
GAS,1371
GAS,1372
GAS,1373
GAS,1374
GAS,1375
OIL,1376
GAS,1377
,1378
OIL,1379
GAS,1380
GAS,1381
GAS,1382
GAS,1383
GAS,1384
GAS,1385
GAS,1386
GAS,1387
GAS,1388
GAS,1389
ELECTRIC,1390
GAS,1391
GAS,1392
GAS,1393
GAS,1394
GAS,1395
GAS,1396
GAS,1397
GAS,1398
GAS,1399
GAS,1400
GAS,1401
GAS,1402
GAS,1403
GAS,1404
GAS,1405
GAS,1406
GAS,1407
GAS,1408
GAS,1409
GAS,1410
GAS,1411
GAS,1412
GAS,1413
GAS,1414
GAS,1415
GAS,1416
GAS,1417
GAS,1418
GAS,1419
GAS,1420
GAS,1421
GAS,1422
GAS,1423
GAS,1424
GAS,1425
GAS,1426
GAS,1427
GAS,1428
GAS,1429
GAS,1430
GAS,1431
GAS,1432
GAS,1433
GAS,1434
GAS,1435
,1436
GAS,1437
GAS,1438
GAS,1439
GAS,1441
GAS,1442
GAS,1443
OIL,1444
GAS,1445
GAS,1446
OIL,1447
GAS,1448
GAS,1449
GAS,1450
GAS,1451
ELECTRIC,1452
GAS,1453
GAS,1454
OIL,1455
GAS,1456
GAS,1457
GAS,1458
OIL,1459
GAS,1460
GAS,1461
GAS,1462
GAS,1463
GAS,1464
GAS,1465
GAS,1466
GAS,1467
GAS,1468
,1469
GAS,1470
GAS,1471
GAS,1472
OIL,1473
GAS,1474
GAS,1475
GAS,1476
GAS,1477
GAS,1478
GAS,1479
GAS,1480
GAS,1481
GAS,1482
GAS,1483
GAS,1484
OIL,1485
GAS,1486
GAS,1487
GAS,1488
ELECTRIC,1489
GAS,1490
GAS,1491
GAS,1492
GAS,1493
,1494
GAS,1495
GAS,1496
GAS,1497
GAS,1498
,1499
GAS,1500
GAS,1501
GAS,1502
OIL,1503
GAS,1504
GAS,1505
OIL,1506
GAS,1507
,1508
GAS,1509
GAS,1510
GAS,1511
GAS,1512
,1513
GAS,1514
OIL,1515
GAS,1516
GAS,1517
GAS,1518
GAS,1519
GAS,1520
GAS,1521
GAS,1522
GAS,1523
GAS,1524
GAS,1525
GAS,1526
GAS,1527
GAS,1528
GAS,1529
GAS,1530
GAS,1531
GAS,1532
GAS,1533
GAS,1534
GAS,1535
GAS,1536
GAS,1537
,1538
GAS,1539
GAS,1540
GAS,1541
GAS,1542
GAS,1543
,1544
GAS,1545
ELECTRIC,1546
GAS,1547
GAS,1548
OIL,1549
GAS,1550
GAS,1551
GAS,1552
GAS,1553
GAS,1554
GAS,1555
GAS,1556
GAS,1557
GAS,1558
GAS,1559
GAS,1560
GAS,1561
ELECTRIC,1562
OIL,1563
GAS,1564
GAS,1565
GAS,1566
GAS,1567
GAS,1568
GAS,1569
GAS,1570
GAS,1571
GAS,1572
GAS,1573
GAS,1574
GAS,1575
GAS,1576
GAS,1577
GAS,1578
GAS,1579
GAS,1580
GAS,1581
GAS,1582
GAS,1583
GAS,1584
GAS,1585
GAS,1586
GAS,1587
GAS,1588
GAS,1589
OIL,1590
GAS,1591
GAS,1592
GAS,1593
GAS,1594
ELECTRIC,1595
,1596
OIL,1597
GAS,1598
GAS,1599
OIL,1600
GAS,1601
GAS,1602
GAS,1603
GAS,1604
GAS,1605
ELECTRIC,1606
GAS,1607
ELECTRIC,1608
OIL,1609
GAS,1610
GAS,1611
GAS,1612
GAS,1613
GAS,1614
ELECTRIC,1615
GAS,1616
OIL,1617
GAS,1618
GAS,1619
GAS,1620
GAS,1621
GAS,1622
GAS,1623
GAS,1624
GAS,1625
OIL,1626
GAS,1627
GAS,1628
GAS,1629
ELECTRIC,1630
GAS,1631
GAS,1632
ELECTRIC,1633
GAS,1634
GAS,1635
GAS,1636
GAS,1637
GAS,1638
,1639
OIL,1640
GAS,1641
GAS,1642
GAS,1643
GAS,1644
GAS,1645
GAS,1646
GAS,1647
GAS,1648
GAS,1649
GAS,1650
GAS,1651
GAS,1652
OIL,1653
OIL,1654
GAS,1655
,1656
GAS,1657
OIL,1658
GAS,1659
GAS,1660
GAS,1661
GAS,1662
GAS,1663
GAS,1664
GAS,1665
ELECTRIC,1666
GAS,1667
GAS,1668
GAS,1669
GAS,1670
GAS,1671
OIL,1672
GAS,1673
GAS,1674
GAS,1675
GAS,1676
GAS,1677
GAS,1678
GAS,1679
GAS,1680
GAS,1681
GAS,1682
GAS,1683
GAS,1684
OIL,1685
GAS,1686
GAS,1687
GAS,1688
,1689
GAS,1690
GAS,1691
GAS,1692
ELECTRIC,1693
OIL,1694
GAS,1695
GAS,1696
GAS,1697
GAS,1698
GAS,1699
,1700
GAS,1701
GAS,1702
GAS,1703
GAS,1704
GAS,1705
GAS,1706
GAS,1707
GAS,1708
GAS,1709
,1710
GAS,1711
,1712
GAS,1713
ELECTRIC,1714
GAS,1715
GAS,1716
GAS,1717
GAS,1718
GAS,1719
GAS,1720
OIL,1721
OIL,1722
GAS,1723
GAS,1724
GAS,1725
GAS,1726
GAS,1727
GAS,1728
GAS,1729
GAS,1730
GAS,1731
GAS,1732
,1733
GAS,1734
GAS,1735
GAS,1736
GAS,1737
GAS,1738
GAS,1739
GAS,1740
GAS,1741
GAS,1742
,1743
GAS,1744
GAS,1745
GAS,1746
GAS,1747
GAS,1748
GAS,1749
GAS,1750
GAS,1751
GAS,1752
GAS,1753
OIL,1754
GAS,1755
GAS,1756
GAS,1757
GAS,1758
OIL,1759
GAS,1760
OIL,1761
ELECTRIC,1762
GAS,1763
GAS,1764
GAS,1765
GAS,1766
GAS,1767
GAS,1768
GAS,1769
OIL,1770
GAS,1771
GAS,1772
OIL,1773
GAS,1774
GAS,1775
GAS,1776
,1777
GAS,1778
,1779
GAS,1780
GAS,1781
GAS,1782
GAS,1783
GAS,1784
OIL,1785
GAS,1786
GAS,1787
GAS,1788
GAS,1789
GAS,1790
GAS,1791
GAS,1792
GAS,1793
GAS,1794
GAS,1795
ELECTRIC,1796
GAS,1797
OIL,1798
GAS,1799
GAS,1800
,1801
GAS,1802
GAS,1803
GAS,1804
GAS,1805
GAS,1806
GAS,1807
GAS,1808
GAS,1809
GAS,1810
GAS,1811
GAS,1812
GAS,1813
GAS,1814
GAS,1815
GAS,1816
GAS,1817
OIL,1818
GAS,1819
GAS,1820
GAS,1821
GAS,1822
GAS,1823
GAS,1824
GAS,1825
OIL,1826
GAS,1827
ELECTRIC,1828
OIL,1829
GAS,1830
GAS,1831
GAS,1832
,1833
GAS,1834
GAS,1835
OIL,1836
GAS,1837
GAS,1838
GAS,1839
GAS,1840
GAS,1841
GAS,1842
GAS,1843
GAS,1844
GAS,1845
,1846
GAS,1847
GAS,1848
GAS,1849
GAS,1850
GAS,1851
GAS,1852
GAS,1853
GAS,1854
GAS,1855
OIL,1856
GAS,1857
GAS,1858
GAS,1859
OIL,1860
GAS,1861
OIL,1862
GAS,1863
GAS,1864
GAS,1865
GAS,1866
GAS,1867
GAS,1868
GAS,1869
GAS,1870
GAS,1871
GAS,1872
GAS,1873
GAS,1874
GAS,1875
OIL,1876
GAS,1877
GAS,1878
GAS,1879
GAS,1880
ELECTRIC,1881
GAS,1882
GAS,1883
GAS,1884
GAS,1885
ELECTRIC,1886
,1887
GAS,1888
GAS,1889
OIL,1890
GAS,1891
OIL,1892
ELECTRIC,1893
GAS,1894
GAS,1895
GAS,1896
GAS,1897
OIL,1898
GAS,1899
GAS,1900
OIL,1901
GAS,1902
GAS,1903
OIL,1904
GAS,1905
GAS,1906
GAS,1907
GAS,1908
GAS,1909
,1910
GAS,1911
GAS,1912
GAS,1913
GAS,1914
GAS,1915
GAS,1916
GAS,1917
GAS,1918
GAS,1919
GAS,1920
GAS,1921
GAS,1922
GAS,1923
GAS,1924
GAS,1925
GAS,1926
GAS,1927
GAS,1928
GAS,1929
GAS,1930
OIL,1931
GAS,1932
GAS,1933
GAS,1934
GAS,1935
GAS,1936
GAS,1937
GAS,1938
GAS,1939
GAS,1940
GAS,1941
GAS,1942
GAS,1943
GAS,1944
GAS,1945
GAS,1946
GAS,1947
GAS,1948
GAS,1949
GAS,1950
GAS,1951
GAS,1952
GAS,1953
GAS,1954
GAS,1955
GAS,1956
OIL,1957
GAS,1958
GAS,1959
GAS,1960
OIL,1961
GAS,1962
OIL,1963
GAS,1964
GAS,1965
GAS,1966
GAS,1967
GAS,1968
GAS,1969
GAS,1970
GAS,1971
GAS,1972
GAS,1973
GAS,1974
GAS,1975
OIL,1976
GAS,1977
GAS,1978
OIL,1979
GAS,1980
GAS,1981
GAS,1982
,1983
GAS,1984
GAS,1985
ELECTRIC,1986
,1987
GAS,1988
OIL,1989
,1990
GAS,1991
,1992
GAS,1993
GAS,1994
GAS,1995
GAS,1996
GAS,1997
GAS,1998
GAS,1999
GAS,2000
ELECTRIC,2001
GAS,2002
OIL,2003
GAS,2004
OIL,2005
GAS,2006
GAS,2007
GAS,2008
ELECTRIC,2009
GAS,2010
OIL,2011
GAS,2012
GAS,2013
GAS,2014
GAS,2015
GAS,2016
OIL,2017
GAS,2018
GAS,2019
GAS,2020
GAS,2021
GAS,2022
GAS,2023
GAS,2024
,2025
GAS,2026
GAS,2027
OIL,2028
GAS,2029
GAS,2030
GAS,2031
GAS,2032
OIL,2033
GAS,2034
GAS,2035
GAS,2036
GAS,2037
GAS,2038
GAS,2039
GAS,2040
GAS,2041
GAS,2042
GAS,2043
GAS,2044
GAS,2045
GAS,2046
GAS,2047
,2048
GAS,2049
GAS,2050
GAS,2051
GAS,2052
GAS,2053
GAS,2054
GAS,2055
GAS,2056
GAS,2057
GAS,2058
OIL,2059
GAS,2060
GAS,2061
,2062
GAS,2063
ELECTRIC,2064
GAS,2065
GAS,2066
GAS,2067
GAS,2068
GAS,2069
GAS,2070
GAS,2071
GAS,2072
GAS,2073
GAS,2074
GAS,2075
GAS,2076
GAS,2077
GAS,2078
GAS,2079
GAS,2080
GAS,2081
PROPANE,2082
GAS,2083
GAS,2084
,2085
GAS,2086
GAS,2087
GAS,2088
GAS,2089
GAS,2090
GAS,2091
GAS,2092
GAS,2093
GAS,2094
GAS,2095
OIL,2096
OIL,2097
GAS,2098
OIL,2099
GAS,2100
GAS,2101
GAS,2102
GAS,2103
GAS,2104
GAS,2105
GAS,2106
OIL,2107
GAS,2108
OIL,2109
GAS,2110
OIL,2111
ELECTRIC,2112
GAS,2113
GAS,2114
GAS,2115
GAS,2116
GAS,2117
ELECTRIC,2118
GAS,2119
OIL,2120
GAS,2121
GAS,2122
GAS,2123
GAS,2124
GAS,2125
GAS,2126
ELECTRIC,2127
GAS,2128
GAS,2129
GAS,2130
GAS,2131
OIL,2132
GAS,2133
GAS,2134
GAS,2135
,2136
GAS,2137
GAS,2138
GAS,2139
GAS,2140
GAS,2141
GAS,2142
,2143
GAS,2144
GAS,2145
GAS,2146
GAS,2147
GAS,2148
GAS,2149
GAS,2150
GAS,2151
GAS,2152
GAS,2153
GAS,2154
GAS,2155
GAS,2156
OIL,2157
GAS,2158
GAS,2159
OIL,2160
GAS,2161
GAS,2162
GAS,2163
OIL,2164
GAS,2165
GAS,2166
GAS,2167
GAS,2168
GAS,2169
GAS,2170
GAS,2171
GAS,2172
GAS,2173
GAS,2174
GAS,2175
OIL,2176
OIL,2177
GAS,2178
GAS,2179
GAS,2180
OIL,2181
GAS,2182
GAS,2183
GAS,2184
GAS,2185
GAS,2186
GAS,2187
GAS,2188
OIL,2189
GAS,2190
GAS,2191
GAS,2192
OIL,2193
GAS,2194
GAS,2195
GAS,2196
GAS,2197
GAS,2198
GAS,2199
GAS,2200
GAS,2201
GAS,2202
GAS,2203
GAS,2204
GAS,2205
GAS,2206
GAS,2207
GAS,2208
GAS,2209
GAS,2210
GAS,2211
GAS,2212
GAS,2213
GAS,2214
OIL,2215
GAS,2216
ELECTRIC,2217
GAS,2218
OIL,2219
GAS,2220
GAS,2221
GAS,2222
GAS,2223
GAS,2224
GAS,2225
GAS,2226
GAS,2227
ELECTRIC,2228
GAS,2229
GAS,2230
GAS,2231
GAS,2232
,2233
GAS,2234
GAS,2235
GAS,2236
GAS,2237
GAS,2238
GAS,2239
GAS,2240
GAS,2241
GAS,2242
GAS,2243
GAS,2244
OIL,2245
GAS,2246
GAS,2247
GAS,2248
GAS,2249
OIL,2250
GAS,2251
OIL,2252
GAS,2253
GAS,2254
ELECTRIC,2255
OIL,2256
GAS,2257
GAS,2258
GAS,2259
GAS,2260
GAS,2261
GAS,2262
GAS,2263
GAS,2264
,2265
GAS,2266
OIL,2267
GAS,2268
ELECTRIC,2269
GAS,2270
GAS,2271
,2272
OIL,2273
ELECTRIC,2274
GAS,2275
GAS,2276
GAS,2277
GAS,2278
OIL,2279
GAS,2280
OIL,2281
GAS,2282
GAS,2283
GAS,2284
GAS,2285
GAS,2286
GAS,2287
GAS,2288
GAS,2289
GAS,2290
GAS,2291
GAS,2292
OIL,2293
GAS,2294
GAS,2295
GAS,2296
GAS,2297
GAS,2298
GAS,2299
GAS,2300
GAS,2301
GAS,2302
,2303
GAS,2304
GAS,2305
OIL,2306
GAS,2307
OIL,2308
GAS,2309
GAS,2310
GAS,2311
GAS,2312
GAS,2313
GAS,2314
GAS,2315
GAS,2316
GAS,2317
GAS,2318
OIL,2319
GAS,2320
GAS,2321
GAS,2322
GAS,2323
GAS,2324
GAS,2325
GAS,2326
ELECTRIC,2327
GAS,2328
GAS,2329
GAS,2330
OIL,2331
GAS,2332
GAS,2333
GAS,2334
GAS,2335
GAS,2336
GAS,2337
GAS,2338
GAS,2339
GAS,2340
GAS,2341
,2342
GAS,2343
GAS,2344
GAS,2345
GAS,2346
GAS,2347
GAS,2348
OIL,2349
GAS,2350
GAS,2351
GAS,2352
OIL,2353
GAS,2354
GAS,2355
OIL,2356
GAS,2357
,2358
ELECTRIC,2359
GAS,2360
OIL,2361
GAS,2362
,2363
OIL,2364
GAS,2365
GAS,2366
OIL,2367
GAS,2368
GAS,2369
GAS,2370
GAS,2371
GAS,2372
GAS,2373
GAS,2374
GAS,2375
ELECTRIC,2376
GAS,2377
GAS,2378
GAS,2379
GAS,2380
GAS,2381
GAS,2382
GAS,2383
GAS,2384
GAS,2385
GAS,2386
GAS,2387
GAS,2388
GAS,2389
GAS,2390
GAS,2391
GAS,2392
GAS,2393
GAS,2394
GAS,2395
GAS,2396
GAS,2397
GAS,2398
GAS,2399
OIL,2400
GAS,2401
OIL,2402
GAS,2403
OIL,2404
GAS,2405
,2406
GAS,2407
GAS,2408
GAS,2409
GAS,2410
GAS,2411
GAS,2412
OIL,2413
GAS,2414
GAS,2415
GAS,2416
GAS,2417
GAS,2418
GAS,2419
GAS,2420
GAS,2421
GAS,2422
OIL,2423
GAS,2424
GAS,2425
GAS,2426
GAS,2427
GAS,2428
GAS,2429
GAS,2430
ELECTRIC,2431
OIL,2432
GAS,2433
GAS,2434
GAS,2435
GAS,2436
OIL,2437
GAS,2438
GAS,2439
OIL,2440
GAS,2441
GAS,2442
GAS,2443
OIL,2444
GAS,2445
GAS,2446
GAS,2447
GAS,2448
GAS,2449
OIL,2450
GAS,2451
GAS,2452
GAS,2453
GAS,2454
GAS,2455
GAS,2456
GAS,2457
GAS,2458
OIL,2459
,2460
OIL,2461
GAS,2462
GAS,2463
GAS,2464
OIL,2465
GAS,2466
GAS,2467
GAS,2468
GAS,2469
GAS,2470
GAS,2471
GAS,2472
GAS,2473
OIL,2474
GAS,2475
GAS,2476
GAS,2477
GAS,2478
GAS,2479
GAS,2480
GAS,2481
GAS,2482
GAS,2483
GAS,2484
GAS,2485
ELECTRIC,2486
GAS,2487
GAS,2488
GAS,2489
GAS,2490
ELECTRIC,2491
OIL,2492
GAS,2493
GAS,2494
GAS,2495
OIL,2496
GAS,2497
GAS,2498
GAS,2499
GAS,2500
GAS,2501
GAS,2502
OIL,2503
GAS,2504
OIL,2505
GAS,2506
GAS,2507
GAS,2508
GAS,2509
GAS,2510
GAS,2511
GAS,2512
GAS,2513
GAS,2514
GAS,2515
GAS,2516
GAS,2517
GAS,2518
OIL,2519
GAS,2520
GAS,2521
GAS,2522
GAS,2523
GAS,2524
GAS,2525
GAS,2526
OIL,2527
GAS,2528
GAS,2529
GAS,2530
GAS,2531
,2532
GAS,2533
OIL,2534
GAS,2535
GAS,2536
OIL,2537
GAS,2538
GAS,2539
GAS,2540
OIL,2541
GAS,2542
GAS,2543
GAS,2544
GAS,2545
GAS,2546
OIL,2547
GAS,2548
GAS,2549
GAS,2550
,2551
GAS,2552
,2553
GAS,2554
GAS,2555
OIL,2556
GAS,2557
GAS,2558
GAS,2559
GAS,2560
GAS,2561
GAS,2562
GAS,2563
GAS,2564
GAS,2565
GAS,2566
GAS,2567
GAS,2568
GAS,2569
,2570
GAS,2571
OIL,2572
GAS,2573
GAS,2574
GAS,2575
GAS,2576
GAS,2577
GAS,2578
GAS,2579
OIL,2580
GAS,2581
GAS,2582
GAS,2583
GAS,2584
GAS,2585
GAS,2586
GAS,2587
OIL,2588
GAS,2589
GAS,2590
GAS,2591
GAS,2592
GAS,2593
GAS,2594
GAS,2595
GAS,2596
GAS,2597
GAS,2598
GAS,2599
,2600
GAS,2601
GAS,2602
GAS,2603
GAS,2604
GAS,2605
GAS,2606
GAS,2607
GAS,2608
GAS,2609
GAS,2610
GAS,2611
GAS,2612
GAS,2613
GAS,2614
GAS,2615
GAS,2616
GAS,2617
GAS,2618
GAS,2619
GAS,2620
GAS,2621
GAS,2622
GAS,2623
GAS,2624
GAS,2625
GAS,2626
GAS,2627
GAS,2628
OIL,2629
GAS,2630
GAS,2631
GAS,2632
GAS,2633
GAS,2634
GAS,2635
OIL,2636
OIL,2637
GAS,2638
GAS,2639
GAS,2640
GAS,2641
GAS,2642
GAS,2643
,2644
GAS,2645
OIL,2646
GAS,2647
GAS,2648
GAS,2649
GAS,2650
GAS,2651
GAS,2652
OIL,2653
GAS,2654
GAS,2655
,2656
GAS,2657
OIL,2658
GAS,2659
OIL,2660
OIL,2661
GAS,2662
GAS,2663
GAS,2664
GAS,2665
GAS,2666
OIL,2667
GAS,2668
GAS,2669
GAS,2670
GAS,2671
,2672
,2673
GAS,2674
GAS,2675
GAS,2676
GAS,2677
GAS,2678
ELECTRIC,2679
GAS,2680
GAS,2681
GAS,2682
GAS,2683
GAS,2684
GAS,2685
GAS,2686
GAS,2687
GAS,2688
GAS,2689
GAS,2690
GAS,2691
GAS,2692
GAS,2693
GAS,2694
GAS,2695
GAS,2696
GAS,2697
GAS,2698
GAS,2699
GAS,2700
GAS,2701
OIL,2702
GAS,2703
GAS,2704
GAS,2705
,2706
GAS,2707
GAS,2708
GAS,2709
GAS,2710
OIL,2711
GAS,2712
GAS,2713
GAS,2714
GAS,2715
GAS,2716
,2717
GAS,2718
GAS,2719
GAS,2720
OIL,2721
GAS,2722
GAS,2723
GAS,2724
GAS,2725
GAS,2726
GAS,2727
GAS,2728
GAS,2729
GAS,2730
GAS,2731
GAS,2732
GAS,2733
GAS,2734
GAS,2735
GAS,2736
GAS,2737
OIL,2738
GAS,2739
GAS,2740
GAS,2741
,2742
GAS,2743
GAS,2744
GAS,2745
GAS,2746
,2747
GAS,2748
OIL,2749
GAS,2750
OIL,2751
GAS,2752
GAS,2753
GAS,2754
GAS,2755
GAS,2756
GAS,2757
GAS,2758
GAS,2759
GAS,2760
GAS,2761
GAS,2762
GAS,2763
GAS,2764
GAS,2765
GAS,2766
GAS,2767
GAS,2768
GAS,2769
GAS,2770
GAS,2771
GAS,2772
GAS,2773
GAS,2774
GAS,2775
GAS,2776
ELECTRIC,2777
GAS,2778
GAS,2779
GAS,2780
,2781
GAS,2782
GAS,2783
GAS,2784
GAS,2785
GAS,2786
GAS,2787
GAS,2788
GAS,2789
GAS,2790
GAS,2791
GAS,2792
GAS,2793
GAS,2794
GAS,2795
,2796
OIL,2797
GAS,2798
GAS,2799
GAS,2800
GAS,2801
GAS,2802
GAS,2803
GAS,2804
GAS,2805
GAS,2806
GAS,2807
GAS,2808
GAS,2809
,2810
GAS,2811
GAS,2812
,2813
GAS,2814
GAS,2815
GAS,2816
GAS,2817
GAS,2818
GAS,2819
GAS,2820
GAS,2821
GAS,2822
GAS,2823
ELECTRIC,2824
OIL,2825
GAS,2826
ELECTRIC,2827
GAS,2828
GAS,2829
GAS,2830
OIL,2831
,2832
GAS,2833
GAS,2834
GAS,2835
OIL,2836
GAS,2837
GAS,2838
GAS,2839
PROPANE,2840
GAS,2841
GAS,2842
GAS,2843
GAS,2844
ELECTRIC,2845
GAS,2846
,2847
GAS,2848
GAS,2849
GAS,2850
GAS,2851
GAS,2852
GAS,2853
,2854
GAS,2855
GAS,2856
GAS,2857
GAS,2858
OIL,2859
GAS,2860
GAS,2861
GAS,2862
GAS,2863
GAS,2864
GAS,2865
GAS,2866
GAS,2867
GAS,2868
GAS,2869
OIL,2870
GAS,2871
GAS,2872
GAS,2873
GAS,2874
GAS,2875
GAS,2876
GAS,2877
GAS,2878
GAS,2879
GAS,2880
GAS,2881
GAS,2882
GAS,2883
GAS,2884
GAS,2885
GAS,2886
GAS,2887
GAS,2888
GAS,2889
GAS,2890
GAS,2891
GAS,2892
OIL,2893
GAS,2894
,2895
ELECTRIC,2896
GAS,2897
GAS,2898
GAS,2899
GAS,2900
GAS,2901
GAS,2902
GAS,2903
GAS,2904
GAS,2905
OIL,2906
GAS,2907
,2908
GAS,2909
ELECTRIC,2910
,2911
GAS,2912
OIL,2913
GAS,2914
GAS,2915
GAS,2916
GAS,2917
GAS,2918
GAS,2919
ELECTRIC,2920
GAS,2921
GAS,2922
ELECTRIC,2923
ELECTRIC,2924
GAS,2925
GAS,2926
GAS,2927
GAS,2928
GAS,2929
GAS,2930
OIL,2931
GAS,2932
GAS,2933
GAS,2934
GAS,2935
GAS,2936
GAS,2937
GAS,2938
GAS,2939
GAS,2940
GAS,2941
GAS,2942
,2943
OIL,2944
GAS,2945
GAS,2946
GAS,2947
OIL,2948
GAS,2949
GAS,2950
OIL,2951
OIL,2952
GAS,2953
GAS,2954
GAS,2955
GAS,2956
GAS,2957
GAS,2958
GAS,2959
GAS,2960
GAS,2961
GAS,2962
GAS,2963
OIL,2964
GAS,2965
GAS,2966
GAS,2967
GAS,2968
GAS,2969
GAS,2970
GAS,2971
OIL,2972
GAS,2973
GAS,2974
,2975
GAS,2976
GAS,2977
GAS,2978
OIL,2979
GAS,2980
GAS,2981
GAS,2982
GAS,2983
GAS,2984
GAS,2985
OIL,2986
GAS,2987
GAS,2988
GAS,2989
GAS,2990
GAS,2991
,2992
GAS,2993
GAS,2994
GAS,2995
GAS,2996
GAS,2997
GAS,2998
GAS,2999
GAS,3000
GAS,8001
GAS,8002
GAS,8003
GAS,8004
GAS,8005
OIL,8006
GAS,8007
GAS,8008
GAS,8009
PROPANE,8010
GAS,8011
GAS,8012
GAS,8013
GAS,8014
GAS,8015
GAS,8016
GAS,8017
GAS,8018
GAS,8019
GAS,8020
GAS,8021
GAS,8022
OIL,8023
GAS,8024
GAS,8025
GAS,8026
GAS,8027
GAS,8028
GAS,8029
GAS,8030
GAS,8031
GAS,8032
GAS,8033
GAS,8034
GAS,8035
GAS,8036
GAS,8037
GAS,8038
GAS,8039
GAS,8040
GAS,8041
GAS,8042
GAS,8043
,8044
GAS,8045
GAS,8046
GAS,8047
GAS,8048
,8049
GAS,8050
,8051
GAS,8052
GAS,8053
ELECTRIC,8054
GAS,8055
GAS,8056
GAS,8057
GAS,8058
GAS,8059
GAS,8060
GAS,8061
,8062
GAS,8063
OIL,8064
GAS,8065
GAS,8066
GAS,8067
OIL,8068
GAS,8069
GAS,8070
GAS,8071
GAS,8072
GAS,8073
GAS,8074
GAS,8075
,8076
OIL,8077
GAS,8078
GAS,8079
GAS,8080
GAS,8081
GAS,8082
GAS,8083
GAS,8084
GAS,8085
GAS,8086
GAS,8087
GAS,8088
GAS,8089
GAS,8090
GAS,8091
GAS,8092
GAS,8093
GAS,8094
GAS,8095
GAS,8096
ELECTRIC,8097
GAS,8098
GAS,8099
GAS,8100
GAS,8101
GAS,8102
OIL,8103
GAS,8104
GAS,8105
OIL,8106
GAS,8107
OIL,8108
GAS,8109
GAS,8110
GAS,8111
GAS,8112
GAS,8113
GAS,8114
GAS,8115
OIL,8116
OIL,8117
GAS,8118
GAS,8119
GAS,8120
GAS,8121
GAS,8122
GAS,8123
GAS,8124
GAS,8125
GAS,8126
GAS,8127
GAS,8128
OIL,8129
,8130
OIL,8131
OIL,8132
GAS,8133
GAS,8134
GAS,8135
GAS,8136
GAS,8137
GAS,8138
GAS,8139
GAS,8140
GAS,8141
GAS,8142
GAS,8143
OIL,8144
OIL,8145
GAS,8146
GAS,8147
GAS,8148
,8149
GAS,8150
GAS,8151
GAS,8152
OIL,8153
GAS,8154
GAS,8155
GAS,8156
GAS,8157
GAS,8158
GAS,8159
GAS,8160
GAS,8161
GAS,8162
GAS,8163
GAS,8164
GAS,8165
GAS,8166
GAS,8167
GAS,8168
,8169
,8170
GAS,8171
GAS,8172
GAS,8173
GAS,8174
GAS,8175
GAS,8176
,8177
GAS,8178
GAS,8179
GAS,8180
GAS,8181
GAS,8182
GAS,8183
GAS,8184
GAS,8185
OIL,8186
GAS,8187
GAS,8188
GAS,8189
GAS,8190
GAS,8191
GAS,8192
GAS,8193
GAS,8194
GAS,8195
OIL,8196
,8197
PROPANE,8198
GAS,8199
GAS,8200
GAS,8201
OIL,8202
GAS,8203
OIL,8204
GAS,8205
GAS,8206
GAS,8207
,8208
GAS,8209
GAS,8210
GAS,8211
GAS,8212
GAS,8213
GAS,8214
NONE,8215
GAS,8216
GAS,8217
OIL,8218
GAS,8219
GAS,8220
,8221
GAS,8222
GAS,8223
GAS,8224
ELECTRIC,8225
OIL,8226
GAS,8227
GAS,8228
GAS,8229
GAS,8230
GAS,8231
,8232
GAS,8233
ELECTRIC,8234
GAS,8235
GAS,8236
OIL,8237
GAS,8238
GAS,8239
GAS,8240
GAS,8241
,8242
GAS,8243
GAS,8244
GAS,8245
GAS,8246
GAS,8247
ELECTRIC,8248
GAS,8249
GAS,8250
GAS,8251
GAS,8252
GAS,8253
,8254
GAS,8255
GAS,8256
GAS,8257
GAS,8258
GAS,8259
ELECTRIC,8260
OIL,8261
GAS,8262
OIL,8263
GAS,8264
GAS,8265
,8266
GAS,8267
OIL,8268
,8269
GAS,8270
GAS,8271
GAS,8272
GAS,8273
GAS,8274
GAS,8275
GAS,8276
ELECTRIC,8277
GAS,8278
,8279
GAS,8280
GAS,8281
GAS,8282
GAS,8283
GAS,8284
GAS,8285
GAS,8286
GAS,8287
GAS,8288
GAS,8289
GAS,8290
GAS,8291
GAS,8292
GAS,8293
OIL,8294
GAS,8295
GAS,8296
PROPANE,8297
GAS,8298
GAS,8299
GAS,8300
GAS,8301
ELECTRIC,8302
GAS,8303
GAS,8304
OIL,8305
GAS,8306
GAS,8307
GAS,8308
ELECTRIC,8309
GAS,8310
GAS,8311
GAS,8312
GAS,8313
ELECTRIC,8314
OIL,8315
GAS,8316
OIL,8317
GAS,8318
PROPANE,8319
GAS,8320
GAS,8321
GAS,8322
GAS,8323
GAS,8324
GAS,8325
GAS,8326
GAS,8327
GAS,8328
GAS,8329
GAS,8330
GAS,8331
ELECTRIC,8332
ELECTRIC,8333
GAS,8334
GAS,8335
GAS,8336
OIL,8337
GAS,8338
GAS,8339
GAS,8340
GAS,8341
GAS,8342
GAS,8343
OIL,8344
GAS,8345
,8346
GAS,8347
GAS,8348
GAS,8349
ELECTRIC,8350
GAS,8351
ELECTRIC,8352
GAS,8353
GAS,8354
GAS,8355
GAS,8356
GAS,8357
GAS,8358
GAS,8359
GAS,8360
GAS,8361
OIL,8362
GAS,8363
OIL,8364
GAS,8365
,8366
GAS,8367
GAS,8368
GAS,8369
GAS,8370
GAS,8371
GAS,8372
GAS,8373
GAS,8374
GAS,8375
GAS,8376
GAS,8377
OIL,8378
GAS,8379
GAS,8380
GAS,8381
GAS,8382
GAS,8383
GAS,8384
GAS,8385
GAS,8386
GAS,8387
GAS,8388
GAS,8389
GAS,8390
GAS,8391
GAS,8392
GAS,8393
GAS,8394
GAS,8395
GAS,8396
GAS,8397
OIL,8398
GAS,8399
GAS,8400
GAS,8401
GAS,8402
GAS,8403
GAS,8404
GAS,8405
ELECTRIC,8406
ELECTRIC,8407
ELECTRIC,8408
GAS,8409
OIL,8410
GAS,8411
GAS,8412
GAS,8413
GAS,8414
OIL,8415
GAS,8416
GAS,8417
GAS,8418
OIL,8419
GAS,8420
GAS,8421
GAS,8422
GAS,8423
GAS,8424
GAS,8425
GAS,8426
GAS,8427
GAS,8428
GAS,8429
GAS,8430
,8431
GAS,8432
GAS,8433
GAS,8434
GAS,8435
GAS,8436
GAS,8437
GAS,8438
GAS,8439
OIL,8440
GAS,8441
GAS,8442
GAS,8443
GAS,8444
GAS,8445
OIL,8446
GAS,8447
GAS,8448
OIL,8449
GAS,8450
GAS,8451
GAS,8452
GAS,8453
OIL,8454
GAS,8455
GAS,8456
GAS,8457
GAS,8458
GAS,8459
GAS,8460
GAS,8461
GAS,8462
GAS,8463
OIL,8464
GAS,8465
GAS,8466
GAS,8467
GAS,8468
GAS,8469
GAS,8470
GAS,8471
GAS,8472
OIL,8473
GAS,8474
GAS,8475
GAS,8476
OIL,8477
GAS,8478
GAS,8479
GAS,8480
GAS,8481
GAS,8482
GAS,8483
GAS,8484
GAS,8485
GAS,8486
GAS,8487
GAS,8488
GAS,8489
GAS,8490
GAS,8491
GAS,8492
GAS,8493
GAS,8494
GAS,8495
GAS,8496
GAS,8497
GAS,8498
GAS,8499
GAS,8500
,8501
GAS,8502
GAS,8503
OIL,8504
GAS,8505
GAS,8506
GAS,8507
GAS,8508
GAS,8509
GAS,8510
OIL,8511
GAS,8512
GAS,8513
,8514
,8515
OIL,8516
GAS,8517
GAS,8518
GAS,8519
GAS,8520
,8521
GAS,8522
GAS,8523
GAS,8524
OIL,8525
GAS,8526
GAS,8527
GAS,8528
GAS,8529
GAS,8530
OIL,8531
GAS,8532
GAS,8533
GAS,8534
GAS,8535
GAS,8536
GAS,8537
GAS,8538
GAS,8539
GAS,8540
GAS,8541
GAS,8542
,8543
GAS,8544
GAS,8545
OIL,8546
GAS,8547
,8548
GAS,8549
OIL,8550
GAS,8551
GAS,8552
GAS,8553
GAS,8554
GAS,8555
GAS,8556
GAS,8557
GAS,8558
GAS,8559
GAS,8560
GAS,8561
GAS,8562
OIL,8563
GAS,8564
GAS,8565
GAS,8566
GAS,8567
ELECTRIC,8568
GAS,8569
GAS,8570
GAS,8571
GAS,8572
GAS,8573
OIL,8574
GAS,8575
GAS,8576
GAS,8577
GAS,8578
GAS,8579
GAS,8580
GAS,8581
GAS,8582
GAS,8583
ELECTRIC,8584
GAS,8585
GAS,8586
GAS,8587
GAS,8588
GAS,8589
GAS,8590
OIL,8591
GAS,8592
GAS,8593
GAS,8594
OIL,8595
,8596
GAS,8597
GAS,8598
GAS,8599
GAS,8600
,8601
GAS,8602
GAS,8603
GAS,8604
GAS,8605
GAS,8606
GAS,8607
GAS,8608
OIL,8609
OIL,8610
GAS,8611
GAS,8612
GAS,8613
GAS,8614
GAS,8615
,8616
GAS,8617
GAS,8618
OIL,8619
GAS,8620
GAS,8621
,8622
,8623
GAS,8624
PROPANE,8625
GAS,8626
GAS,8627
ELECTRIC,8628
GAS,8629
OIL,8630
GAS,8631
GAS,8632
GAS,8633
OIL,8634
GAS,8635
OIL,8636
GAS,8637
OIL,8638
GAS,8639
GAS,8640
GAS,8641
GAS,8642
OIL,8643
GAS,8644
OIL,8645
GAS,8646
GAS,8647
GAS,8648
GAS,8649
GAS,8650
GAS,8651
GAS,8652
GAS,8653
GAS,8654
,8655
GAS,8656
GAS,8657
GAS,8658
GAS,8659
GAS,8660
GAS,8661
GAS,8662
GAS,8663
GAS,8664
GAS,8665
GAS,8666
GAS,8667
GAS,8668
GAS,8669
GAS,8670
GAS,8671
GAS,8672
GAS,8673
GAS,8674
GAS,8675
ELECTRIC,8676
GAS,8677
ELECTRIC,8678
GAS,8679
GAS,8680
OIL,8681
GAS,8682
GAS,8683
GAS,8684
OIL,8685
ELECTRIC,8686
GAS,8687
PROPANE,8688
GAS,8689
GAS,8690
GAS,8691
GAS,8692
GAS,8693
GAS,8694
GAS,8695
GAS,8696
GAS,8697
OIL,8698
GAS,8699
GAS,8700
GAS,8701
GAS,8702
OIL,8703
GAS,8704
OIL,8705
GAS,8706
GAS,8707
GAS,8708
,8709
GAS,8710
GAS,8711
GAS,8712
GAS,8713
OIL,8714
GAS,8715
GAS,8716
GAS,8717
GAS,8718
GAS,8719
GAS,8720
OIL,8721
GAS,8722
GAS,8723
GAS,8724
GAS,8725
OIL,8726
,8727
GAS,8728
GAS,8729
GAS,8730
GAS,8731
GAS,8732
OIL,8733
GAS,8734
GAS,8735
GAS,8736
GAS,8737
GAS,8738
GAS,8739
GAS,8740
GAS,8741
GAS,8742
OIL,8743
GAS,8744
GAS,8745
GAS,8746
GAS,8747
GAS,8748
GAS,8749
GAS,8750
GAS,8751
ELECTRIC,8752
GAS,8753
GAS,8754
GAS,8755
GAS,8756
ELECTRIC,8757
GAS,8758
GAS,8759
GAS,8760
GAS,8761
ELECTRIC,8762
GAS,8763
GAS,8764
GAS,8765
OIL,8766
GAS,8767
OIL,8768
GAS,8769
GAS,8770
GAS,8771
GAS,8772
GAS,8773
GAS,8774
GAS,8775
OIL,8776
GAS,8777
GAS,8778
GAS,8779
GAS,8780
GAS,8781
GAS,8782
GAS,8783
GAS,8784
GAS,8785
GAS,8786
GAS,8787
GAS,8788
OIL,8789
GAS,8790
GAS,8791
GAS,8792
OIL,8793
GAS,8794
GAS,8795
GAS,8796
GAS,8797
GAS,8798
GAS,8799
GAS,8800
GAS,8801
GAS,8802
GAS,8803
GAS,8804
GAS,8805
GAS,8806
GAS,8807
GAS,8808
GAS,8809
GAS,8810
GAS,8811
GAS,8812
OIL,8813
GAS,8814
GAS,8815
GAS,8816
GAS,8817
GAS,8818
GAS,8819
GAS,8820
,8821
OIL,8822
OIL,8823
GAS,8824
GAS,8825
GAS,8826
GAS,8827
GAS,8828
GAS,8829
GAS,8830
GAS,8831
GAS,8832
GAS,8833
GAS,8834
GAS,8835
GAS,8836
GAS,8837
GAS,8838
GAS,8839
OIL,8840
GAS,8841
GAS,8842
GAS,8843
GAS,8844
OIL,8845
GAS,8846
GAS,8847
GAS,8848
GAS,8849
GAS,8850
GAS,8851
OIL,8852
GAS,8853
GAS,8854
GAS,8855
OIL,8856
GAS,8857
GAS,8858
GAS,8859
ELECTRIC,8860
GAS,8861
GAS,8862
OIL,8863
GAS,8864
GAS,8865
GAS,8866
GAS,8867
GAS,8868
OIL,8869
GAS,8870
GAS,8871
ELECTRIC,8873
GAS,8874
GAS,8875
GAS,8876
GAS,8877
GAS,8878
GAS,8879
,8880
GAS,8881
GAS,8882
GAS,8883
GAS,8884
GAS,8885
GAS,8886
ELECTRIC,8887
GAS,8888
,8889
GAS,8890
ELECTRIC,8891
GAS,8892
GAS,8893
GAS,8894
OIL,8895
GAS,8896
GAS,8897
OIL,8898
GAS,8899
GAS,8900
GAS,8901
GAS,8902
GAS,8903
GAS,8904
GAS,8905
OIL,8906
GAS,8907
GAS,8908
,8909
GAS,8910
GAS,8911
OIL,8912
GAS,8913
GAS,8914
GAS,8915
GAS,8916
GAS,8917
GAS,8918
GAS,8919
GAS,8920
ELECTRIC,8921
GAS,8922
GAS,8923
GAS,8924
GAS,8925
GAS,8926
GAS,8927
ELECTRIC,8928
OIL,8929
GAS,8930
GAS,8931
GAS,8932
GAS,8933
GAS,8934
,8935
GAS,8936
GAS,8937
GAS,8938
GAS,8939
GAS,8940
GAS,8941
GAS,8942
GAS,8943
GAS,8944
GAS,8945
GAS,8946
GAS,8947
GAS,8948
GAS,8949
GAS,8950
GAS,8951
GAS,8952
GAS,8953
OIL,8954
GAS,8955
OIL,8956
GAS,8957
GAS,8958
GAS,8959
,8960
GAS,8961
,8962
GAS,8963
GAS,8964
GAS,8965
GAS,8966
GAS,8967
GAS,8968
GAS,8969
GAS,8970
GAS,8971
GAS,8972
GAS,8973
GAS,8974
,8975
GAS,8976
GAS,8977
GAS,8978
GAS,8979
OIL,8980
GAS,8981
GAS,8982
GAS,8983
OIL,8984
GAS,8985
GAS,8986
GAS,8987
GAS,8988
GAS,8989
GAS,8990
GAS,8991
GAS,8992
GAS,8993
GAS,8994
OIL,8995
OIL,8996
GAS,8997
OIL,8998
GAS,8999
GAS,9000
,1
OIL,2
,3
GAS,4
GAS,5
,6
GAS,7
GAS,8
,9
GAS,10
GAS,11
GAS,12
GAS,13
GAS,14
GAS,15
GAS,16
GAS,17
GAS,18
GAS,19
,20
GAS,21
GAS,22
GAS,23
,24
OIL,25
GAS,26
GAS,27
PROPANE,28
GAS,29
GAS,30
OIL,31
GAS,32
OIL,33
GAS,34
GAS,35
GAS,36
GAS,37
,38
,39
OIL,40
,41
GAS,42
GAS,43
GAS,44
PROPANE,45
GAS,46
GAS,47
,48
GAS,49
ELECTRIC,50
ELECTRIC,51
OIL,52
OIL,53
GAS,54
GAS,55
GAS,56
GAS,57
GAS,58
,59
GAS,60
GAS,61
GAS,62
GAS,63
GAS,64
GAS,65
OIL,66
GAS,67
GAS,68
GAS,69
GAS,70
GAS,71
OIL,72
,73
GAS,74
GAS,75
,76
GAS,77
OIL,78
GAS,79
GAS,80
GAS,81
GAS,82
GAS,83
OIL,84
GAS,85
GAS,86
ELECTRIC,87
GAS,88
GAS,89
GAS,90
,91
OIL,92
,93
PROPANE,94
ELECTRIC,95
OIL,96
,97
GAS,98
GAS,99
GAS,100
GAS,101
GAS,102
,103
GAS,104
GAS,105
GAS,106
OIL,107
OIL,108
OIL,109
OIL,110
GAS,111
GAS,112
ELECTRIC,113
GAS,114
GAS,115
GAS,116
GAS,117
GAS,118
GAS,119
,120
GAS,121
GAS,122
GAS,123
GAS,124
GAS,125
GAS,126
OIL,127
GAS,128
OIL,129
ELECTRIC,130
GAS,131
GAS,132
GAS,133
OIL,134
GAS,135
GAS,136
GAS,137
GAS,138
GAS,139
OIL,140
GAS,141
GAS,142
GAS,143
OIL,144
GAS,145
OIL,146
,147
GAS,148
GAS,149
GAS,150
GAS,151
GAS,152
GAS,153
GAS,154
GAS,155
GAS,156
GAS,157
GAS,158
GAS,159
GAS,160
GAS,161
GAS,162
,163
GAS,164
GAS,165
GAS,166
GAS,167
OIL,168
GAS,169
PROPANE,170
OIL,171
GAS,172
GAS,173
GAS,174
GAS,175
ELECTRIC,176
GAS,177
OIL,178
OIL,179
GAS,180
GAS,181
GAS,182
GAS,183
OIL,184
GAS,185
GAS,186
GAS,187
GAS,188
GAS,189
GAS,190
GAS,191
GAS,192
GAS,193
GAS,194
GAS,195
GAS,196
GAS,197
GAS,198
GAS,199
GAS,200
GAS,201
,202
GAS,203
GAS,204
GAS,205
GAS,206
OIL,207
GAS,208
ELECTRIC,209
GAS,210
GAS,211
GAS,212
GAS,213
GAS,214
ELECTRIC,215
GAS,216
GAS,217
GAS,218
GAS,219
GAS,220
GAS,221
GAS,222
GAS,223
GAS,224
GAS,225
GAS,226
OIL,227
GAS,228
GAS,229
OIL,230
GAS,231
GAS,232
GAS,233
GAS,234
GAS,235
GAS,236
GAS,237
GAS,238
,239
GAS,240
GAS,241
GAS,242
GAS,243
GAS,244
GAS,245
OIL,246
GAS,247
GAS,248
GAS,249
OIL,250
GAS,251
GAS,252
GAS,253
,254
ELECTRIC,255
GAS,256
GAS,257
GAS,258
GAS,259
GAS,260
GAS,261
GAS,262
GAS,263
GAS,264
GAS,265
GAS,266
GAS,267
GAS,268
OIL,269
,270
GAS,271
GAS,272
GAS,273
GAS,274
GAS,275
GAS,276
GAS,277
GAS,278
GAS,279
GAS,280
GAS,281
GAS,282
GAS,283
GAS,284
GAS,285
GAS,286
OIL,287
ELECTRIC,288
GAS,289
GAS,290
GAS,291
GAS,292
ELECTRIC,293
OIL,294
PROPANE,295
GAS,296
GAS,297
GAS,298
GAS,299
GAS,300
GAS,301
GAS,302
GAS,303
GAS,304
GAS,305
GAS,306
GAS,307
GAS,308
OIL,309
OIL,310
GAS,311
GAS,312
OIL,313
GAS,314
GAS,315
GAS,316
GAS,317
,318
GAS,319
GAS,320
GAS,321
GAS,322
GAS,323
GAS,324
GAS,325
,326
GAS,327
GAS,328
GAS,329
ELECTRIC,330
GAS,331
OIL,332
GAS,333
GAS,334
GAS,335
GAS,336
,337
NONE,338
OIL,339
GAS,340
GAS,341
GAS,342
GAS,343
GAS,344
GAS,345
GAS,346
GAS,347
GAS,348
GAS,349
GAS,350
GAS,351
GAS,352
GAS,353
GAS,354
GAS,355
GAS,356
GAS,357
GAS,358
GAS,359
GAS,360
,361
GAS,362
GAS,363
GAS,364
GAS,365
GAS,366
GAS,367
GAS,368
GAS,369
GAS,370
GAS,371
GAS,372
GAS,373
GAS,374
GAS,375
OIL,376
GAS,377
GAS,378
GAS,379
GAS,380
GAS,381
GAS,382
GAS,383
GAS,384
GAS,385
GAS,386
GAS,387
,388
,389
ELECTRIC,390
ELECTRIC,391
GAS,392
GAS,393
GAS,394
GAS,395
GAS,396
GAS,397
GAS,398
GAS,399
GAS,400
,401
GAS,402
GAS,403
GAS,404
GAS,405
GAS,406
GAS,407
GAS,408
GAS,409
GAS,410
GAS,411
GAS,412
GAS,413
GAS,414
GAS,415
GAS,416
GAS,417
OIL,418
OIL,419
GAS,420
GAS,421
GAS,422
GAS,423
GAS,424
GAS,425
GAS,426
OIL,427
GAS,428
GAS,429
GAS,430
GAS,431
GAS,432
GAS,433
GAS,434
GAS,435
GAS,436
GAS,437
OIL,438
GAS,439
GAS,440
GAS,441
OIL,442
,443
GAS,444
PROPANE,445
OIL,446
GAS,447
GAS,448
GAS,449
GAS,450
GAS,451
GAS,452
GAS,453
OIL,454
GAS,455
GAS,456
GAS,457
GAS,458
GAS,459
GAS,460
GAS,461
GAS,462
GAS,463
ELECTRIC,464
GAS,465
ELECTRIC,466
GAS,467
GAS,468
OIL,469
GAS,470
OIL,471
GAS,472
GAS,473
GAS,474
GAS,475
GAS,476
GAS,477
GAS,478
GAS,479
,480
ELECTRIC,481
GAS,482
GAS,483
OIL,484
OIL,485
GAS,486
GAS,487
OIL,488
GAS,489
GAS,490
GAS,491
OIL,492
NONE,493
GAS,494
GAS,495
GAS,496
GAS,497
GAS,498
GAS,499
GAS,500
GAS,501
GAS,502
GAS,503
OIL,504
GAS,505
GAS,506
GAS,507
GAS,508
GAS,509
,510
GAS,511
GAS,512
,513
GAS,514
GAS,515
GAS,516
GAS,517
GAS,518
GAS,519
OIL,520
GAS,521
GAS,522
,523
GAS,524
GAS,525
GAS,526
GAS,527
GAS,528
GAS,529
GAS,530
PROPANE,531
GAS,532
GAS,533
OIL,534
GAS,535
GAS,536
GAS,537
GAS,538
GAS,539
GAS,540
GAS,541
GAS,542
GAS,543
GAS,544
GAS,545
GAS,546
GAS,547
GAS,548
GAS,549
GAS,550
GAS,551
GAS,552
GAS,553
GAS,554
GAS,555
GAS,556
GAS,557
GAS,558
GAS,559
OIL,560
GAS,561
GAS,562
GAS,563
GAS,564
NONE,565
GAS,566
GAS,567
GAS,568
GAS,569
GAS,570
ELECTRIC,571
GAS,572
GAS,573
,574
GAS,575
OIL,576
GAS,577
GAS,578
GAS,579
GAS,580
GAS,581
GAS,582
GAS,583
OIL,584
GAS,585
GAS,586
ELECTRIC,587
OIL,588
GAS,589
GAS,590
GAS,591
GAS,592
GAS,593
GAS,594
GAS,595
GAS,596
GAS,597
GAS,598
GAS,599
GAS,600
GAS,601
GAS,602
,603
GAS,604
GAS,605
GAS,606
OIL,607
GAS,608
GAS,609
,610
GAS,611
OIL,612
GAS,613
GAS,614
GAS,615
GAS,616
GAS,617
GAS,618
GAS,619
GAS,620
GAS,621
ELECTRIC,622
GAS,623
GAS,624
,625
GAS,626
OIL,627
GAS,628
ELECTRIC,629
GAS,630
,631
GAS,632
GAS,633
GAS,634
GAS,635
GAS,636
GAS,637
GAS,638
OIL,639
GAS,640
GAS,641
ELECTRIC,642
GAS,643
GAS,644
GAS,645
GAS,646
,647
GAS,648
OIL,649
,650
GAS,651
GAS,652
GAS,653
,654
GAS,655
GAS,656
GAS,657
GAS,658
GAS,659
GAS,660
GAS,661
GAS,662
GAS,663
GAS,664
GAS,665
GAS,666
GAS,667
GAS,668
,669
GAS,670
,671
GAS,672
OIL,673
GAS,674
GAS,675
GAS,676
ELECTRIC,677
GAS,678
GAS,679
GAS,680
GAS,681
GAS,682
GAS,683
GAS,684
,685
GAS,686
GAS,687
GAS,688
GAS,689
GAS,690
OIL,691
GAS,692
GAS,693
GAS,694
GAS,695
GAS,696
GAS,697
GAS,698
GAS,699
GAS,700
GAS,701
GAS,702
GAS,703
OIL,704
OIL,705
GAS,706
GAS,707
OIL,708
ELECTRIC,709
GAS,710
GAS,711
OIL,712
GAS,713
GAS,714
GAS,715
OIL,716
GAS,717
GAS,718
,719
GAS,720
GAS,721
GAS,722
GAS,723
GAS,724
GAS,725
GAS,726
GAS,727
GAS,728
GAS,729
GAS,730
GAS,731
GAS,732
GAS,733
GAS,734
GAS,735
GAS,736
ELECTRIC,737
GAS,738
GAS,739
GAS,740
GAS,741
GAS,742
GAS,743
OIL,744
OIL,745
GAS,746
GAS,747
OIL,748
GAS,749
ELECTRIC,750
OIL,751
GAS,752
GAS,753
GAS,754
GAS,755
GAS,756
OIL,757
GAS,758
OIL,759
GAS,760
GAS,761
GAS,762
GAS,763
OIL,764
GAS,765
GAS,766
GAS,767
GAS,768
GAS,769
GAS,770
GAS,771
GAS,772
GAS,773
GAS,774
GAS,775
GAS,776
GAS,777
GAS,778
GAS,779
GAS,780
GAS,781
GAS,782
GAS,783
GAS,784
GAS,785
GAS,786
,787
GAS,788
GAS,789
GAS,790
GAS,791
GAS,792
GAS,793
GAS,794
GAS,795
GAS,796
GAS,797
GAS,798
GAS,799
OIL,800
GAS,801
GAS,802
GAS,803
GAS,804
GAS,805
GAS,806
GAS,807
GAS,808
,809
GAS,810
GAS,811
GAS,812
GAS,813
GAS,814
GAS,815
GAS,816
OIL,817
GAS,818
GAS,819
GAS,820
GAS,821
GAS,822
GAS,823
GAS,824
GAS,825
GAS,826
GAS,827
GAS,828
GAS,829
GAS,830
GAS,831
OIL,832
GAS,833
GAS,834
GAS,835
GAS,836
GAS,837
,838
GAS,839
GAS,840
GAS,841
GAS,842
GAS,843
GAS,844
GAS,845
PROPANE,846
GAS,847
GAS,848
GAS,849
GAS,850
OIL,851
GAS,852
GAS,853
GAS,854
OIL,855
OIL,856
GAS,857
GAS,858
GAS,859
GAS,860
GAS,861
GAS,862
GAS,863
GAS,864
,865
GAS,866
GAS,867
GAS,868
GAS,869
GAS,870
GAS,871
OIL,872
GAS,873
GAS,874
,875
GAS,876
GAS,877
GAS,878
GAS,879
GAS,880
GAS,881
GAS,882
GAS,883
GAS,884
GAS,885
GAS,886
GAS,887
GAS,888
,889
GAS,890
GAS,891
GAS,892
GAS,893
GAS,894
GAS,895
GAS,896
GAS,897
GAS,898
GAS,899
GAS,900
GAS,901
GAS,902
ELECTRIC,903
GAS,904
GAS,905
GAS,906
OIL,907
OIL,908
GAS,909
GAS,910
GAS,911
GAS,912
GAS,913
GAS,914
GAS,915
GAS,916
OIL,917
GAS,918
GAS,919
GAS,920
GAS,921
OIL,922
GAS,923
GAS,924
GAS,925
GAS,926
GAS,927
GAS,928
GAS,929
GAS,930
GAS,931
GAS,932
GAS,933
GAS,934
GAS,935
GAS,936
GAS,937
GAS,938
GAS,939
GAS,940
GAS,941
GAS,942
GAS,943
GAS,944
GAS,945
GAS,946
GAS,947
GAS,948
GAS,949
,950
,951
OIL,952
GAS,953
,954
GAS,955
GAS,956
GAS,957
GAS,958
GAS,959
GAS,960
GAS,961
GAS,962
GAS,963
GAS,964
GAS,965
OIL,966
GAS,967
GAS,968
OIL,969
PROPANE,970
GAS,971
,972
GAS,973
GAS,974
GAS,975
GAS,976
GAS,977
GAS,978
ELECTRIC,979
GAS,980
,981
ELECTRIC,982
,983
GAS,984
GAS,985
OIL,986
GAS,987
GAS,988
GAS,989
GAS,990
GAS,991
GAS,992
GAS,993
GAS,994
OIL,995
GAS,996
GAS,997
GAS,998
GAS,999
GAS,1000
GAS,3001
GAS,3002
GAS,3003
GAS,3004
GAS,3005
GAS,3006
GAS,3007
,3008
GAS,3009
GAS,3010
GAS,3011
GAS,3012
OIL,3013
GAS,3014
GAS,3015
GAS,3016
,3017
GAS,3018
,3019
GAS,3020
GAS,3021
GAS,3022
GAS,3023
GAS,3024
GAS,3025
GAS,3026
GAS,3027
GAS,3028
GAS,3029
GAS,3030
GAS,3031
GAS,3032
GAS,3033
GAS,3034
GAS,3035
GAS,3036
GAS,3037
GAS,3038
GAS,3039
GAS,3040
GAS,3041
GAS,3042
GAS,3043
GAS,3044
GAS,3045
GAS,3046
GAS,3047
GAS,3048
,3049
GAS,3050
GAS,3051
GAS,3052
OIL,3053
GAS,3054
GAS,3055
GAS,3056
OIL,3057
OIL,3058
OIL,3059
GAS,3060
GAS,3061
GAS,3062
GAS,3063
GAS,3064
GAS,3065
GAS,3066
GAS,3067
GAS,3068
GAS,3069
GAS,3070
,3071
GAS,3072
GAS,3073
GAS,3074
GAS,3075
GAS,3076
GAS,3077
GAS,3078
OIL,3079
GAS,3080
GAS,3081
GAS,3082
GAS,3083
,3084
OIL,3085
GAS,3086
GAS,3087
GAS,3088
GAS,3089
GAS,3090
OIL,3091
GAS,3092
GAS,3093
GAS,3094
GAS,3095
GAS,3096
GAS,3097
OIL,3098
GAS,3099
GAS,3100
GAS,3101
GAS,3102
GAS,3103
GAS,3104
GAS,3105
GAS,3106
GAS,3107
GAS,3108
GAS,3109
GAS,3110
OIL,3111
GAS,3112
GAS,3113
GAS,3114
GAS,3115
GAS,3116
GAS,3117
GAS,3118
GAS,3119
GAS,3120
OIL,3121
OIL,3122
GAS,3123
GAS,3124
GAS,3125
GAS,3126
GAS,3127
GAS,3128
,3129
GAS,3130
GAS,3131
GAS,3132
GAS,3133
GAS,3134
,3135
GAS,3136
OIL,3137
GAS,3138
GAS,3139
GAS,3140
GAS,3141
GAS,3142
GAS,3143
,3144
GAS,3145
OIL,3146
,3147
GAS,3148
OIL,3149
OIL,3150
ELECTRIC,3151
OIL,3152
GAS,3153
GAS,3154
GAS,3155
OIL,3156
GAS,3157
GAS,3158
PROPANE,3159
GAS,3160
GAS,3161
GAS,3162
GAS,3163
GAS,3164
GAS,3165
GAS,3166
GAS,3167
GAS,3168
OIL,3169
GAS,3170
GAS,3171
GAS,3172
GAS,3173
GAS,3174
GAS,3175
GAS,3176
GAS,3177
GAS,3178
OIL,3179
GAS,3180
GAS,3181
GAS,3182
GAS,3183
GAS,3184
GAS,3185
GAS,3186
GAS,3187
GAS,3188
GAS,3189
GAS,3190
GAS,3191
GAS,3192
OIL,3193
GAS,3194
GAS,3195
GAS,3196
GAS,3197
OIL,3198
GAS,3199
OIL,3200
GAS,3201
GAS,3202
GAS,3203
GAS,3204
GAS,3205
,3206
GAS,3207
GAS,3208
GAS,3209
GAS,3210
GAS,3211
GAS,3212
GAS,3213
GAS,3214
GAS,3215
,3216
GAS,3217
GAS,3218
GAS,3219
GAS,3220
GAS,3221
GAS,3222
GAS,3223
GAS,3224
GAS,3225
,3226
GAS,3227
GAS,3228
GAS,3229
GAS,3230
GAS,3231
GAS,3232
GAS,3233
GAS,3234
OIL,3235
GAS,3236
GAS,3237
OIL,3238
GAS,3239
GAS,3240
GAS,3241
GAS,3242
OIL,3243
GAS,3244
ELECTRIC,3245
OIL,3246
GAS,3247
GAS,3248
GAS,3249
GAS,3250
GAS,3251
GAS,3252
GAS,3253
GAS,3254
GAS,3255
GAS,3256
OIL,3257
GAS,3258
GAS,3259
GAS,3260
GAS,3261
GAS,3262
OIL,3263
GAS,3264
GAS,3265
GAS,3266
,3267
GAS,3268
GAS,3269
GAS,3270
GAS,3271
GAS,3272
OIL,3273
GAS,3274
GAS,3275
,3276
GAS,3277
GAS,3278
OIL,3279
OIL,3280
GAS,3281
ELECTRIC,3282
GAS,3283
GAS,3284
OIL,3285
GAS,3286
GAS,3287
GAS,3288
GAS,3289
OIL,3290
GAS,3291
GAS,3292
GAS,3293
OIL,3294
GAS,3295
OIL,3296
GAS,3297
GAS,3298
GAS,3299
GAS,3300
GAS,3301
GAS,3302
,3303
GAS,3304
GAS,3305
ELECTRIC,3306
GAS,3307
GAS,3308
GAS,3309
PROPANE,3310
OIL,3311
GAS,3312
GAS,3313
GAS,3314
OIL,3315
OIL,3316
GAS,3317
GAS,3318
GAS,3319
GAS,3320
GAS,3321
GAS,3322
GAS,3323
GAS,3324
GAS,3325
PROPANE,3326
GAS,3327
OIL,3328
GAS,3329
GAS,3330
GAS,3331
GAS,3332
GAS,3333
GAS,3334
GAS,3335
GAS,3336
GAS,3337
GAS,3338
ELECTRIC,3339
GAS,3340
GAS,3341
GAS,3342
GAS,3343
GAS,3344
GAS,3345
GAS,3346
OIL,3347
,3348
GAS,3349
GAS,3350
PROPANE,3351
GAS,3352
GAS,3353
GAS,3354
GAS,3355
GAS,3356
GAS,3357
GAS,3358
GAS,3359
,3360
GAS,3361
GAS,3362
GAS,3363
GAS,3364
ELECTRIC,3365
GAS,3366
GAS,3367
GAS,3368
GAS,3369
GAS,3370
GAS,3371
GAS,3372
GAS,3373
GAS,3374
GAS,3375
GAS,3376
GAS,3377
GAS,3378
GAS,3379
GAS,3380
GAS,3381
GAS,3382
GAS,3383
GAS,3384
GAS,3385
OIL,3386
OIL,3387
OIL,3388
GAS,3389
OIL,3390
,3391
GAS,3392
GAS,3393
GAS,3394
GAS,3395
OIL,3396
GAS,3397
GAS,3398
GAS,3399
GAS,3400
GAS,3401
GAS,3402
GAS,3403
GAS,3404
GAS,3405
,3406
GAS,3407
GAS,3408
GAS,3409
GAS,3410
GAS,3411
GAS,3412
GAS,3413
OIL,3414
PROPANE,3415
GAS,3416
GAS,3417
GAS,3418
GAS,3419
GAS,3420
,3421
,3422
,3423
GAS,3424
GAS,3425
GAS,3426
GAS,3427
,3428
GAS,3429
GAS,3430
GAS,3431
GAS,3432
GAS,3433
GAS,3434
GAS,3436
GAS,3437
GAS,3438
OIL,3439
GAS,3440
GAS,3441
GAS,3442
OIL,3443
GAS,3444
GAS,3445
OIL,3446
GAS,3447
GAS,3448
GAS,3449
GAS,3450
GAS,3451
GAS,3452
GAS,3453
GAS,3454
GAS,3455
ELECTRIC,3456
GAS,3457
GAS,3458
ELECTRIC,3459
GAS,3460
GAS,3461
GAS,3462
,3463
GAS,3464
GAS,3465
GAS,3466
OIL,3467
OIL,3468
OIL,3469
GAS,3470
GAS,3471
OIL,3472
OIL,3473
GAS,3474
GAS,3475
OIL,3476
GAS,3477
GAS,3478
GAS,3479
OIL,3480
,3481
GAS,3482
GAS,3483
,3484
GAS,3485
GAS,3486
GAS,3487
GAS,3488
GAS,3489
GAS,3490
ELECTRIC,3491
GAS,3492
GAS,3493
GAS,3494
GAS,3495
ELECTRIC,3496
GAS,3497
,3498
OIL,3499
GAS,3500
GAS,3501
GAS,3502
GAS,3503
GAS,3504
OIL,3505
GAS,3506
GAS,3507
GAS,3508
GAS,3509
GAS,3510
GAS,3511
GAS,3512
GAS,3513
GAS,3514
GAS,3515
,3516
GAS,3517
GAS,3518
OIL,3519
GAS,3520
GAS,3521
ELECTRIC,3522
GAS,3523
GAS,3524
GAS,3525
GAS,3526
GAS,3527
GAS,3528
GAS,3529
GAS,3530
GAS,3531
GAS,3532
GAS,3533
GAS,3534
GAS,3535
GAS,3536
GAS,3537
GAS,3538
GAS,3539
OIL,3540
GAS,3541
GAS,3542
GAS,3543
GAS,3544
GAS,3545
GAS,3546
GAS,3547
OIL,3548
GAS,3549
GAS,3550
ELECTRIC,3551
GAS,3552
GAS,3553
OIL,3554
GAS,3555
GAS,3556
GAS,3557
GAS,3558
GAS,3559
OIL,3560
GAS,3561
OIL,3562
GAS,3563
GAS,3564
GAS,3565
GAS,3566
GAS,3567
OIL,3568
,3569
GAS,3570
GAS,3571
GAS,3572
GAS,3573
GAS,3574
GAS,3575
GAS,3576
OIL,3577
GAS,3578
GAS,3579
OIL,3580
GAS,3581
OIL,3582
ELECTRIC,3583
GAS,3584
,3585
GAS,3586
GAS,3587
GAS,3588
OIL,3589
GAS,3590
GAS,3591
GAS,3592
GAS,3593
GAS,3594
GAS,3595
GAS,3596
GAS,3597
ELECTRIC,3598
GAS,3599
GAS,3600
GAS,3601
GAS,3602
GAS,3603
ELECTRIC,3604
GAS,3605
,3606
GAS,3607
GAS,3608
GAS,3609
GAS,3610
GAS,3611
GAS,3612
GAS,3613
GAS,3614
OIL,3615
GAS,3616
GAS,3617
GAS,3618
GAS,3619
GAS,3620
GAS,3621
GAS,3622
GAS,3623
GAS,3624
GAS,3625
GAS,3626
,3627
GAS,3628
GAS,3629
PROPANE,3630
GAS,3631
GAS,3632
GAS,3633
GAS,3634
GAS,3635
GAS,3636
GAS,3637
GAS,3638
GAS,3639
GAS,3640
GAS,3641
GAS,3642
GAS,3643
GAS,3644
GAS,3645
GAS,3646
GAS,3647
GAS,3648
GAS,3649
GAS,3650
GAS,3651
GAS,3652
GAS,3653
GAS,3654
OIL,3655
GAS,3656
GAS,3657
OIL,3658
GAS,3659
GAS,3660
,3661
GAS,3662
GAS,3663
GAS,3664
GAS,3665
GAS,3666
OIL,3667
PROPANE,3668
GAS,3669
GAS,3670
OIL,3671
GAS,3672
GAS,3673
GAS,3674
GAS,3675
GAS,3676
OIL,3677
GAS,3678
GAS,3679
GAS,3680
GAS,3681
GAS,3682
GAS,3683
OIL,3684
GAS,3685
GAS,3686
GAS,3687
GAS,3688
OIL,3689
GAS,3690
GAS,3691
GAS,3692
GAS,3693
ELECTRIC,3694
GAS,3695
GAS,3696
,3697
GAS,3698
OIL,3699
GAS,3700
,3701
GAS,3702
GAS,3703
GAS,3704
,3705
GAS,3706
GAS,3707
,3708
GAS,3709
OIL,3710
GAS,3711
GAS,3712
GAS,3713
GAS,3714
GAS,3715
GAS,3716
GAS,3717
GAS,3718
GAS,3719
GAS,3720
ELECTRIC,3721
GAS,3722
GAS,3723
GAS,3724
GAS,3725
OIL,3726
OIL,3727
GAS,3728
GAS,3729
GAS,3730
GAS,3731
GAS,3732
GAS,3733
GAS,3734
GAS,3735
GAS,3736
GAS,3737
GAS,3738
,3739
GAS,3740
GAS,3741
GAS,3742
GAS,3743
GAS,3744
GAS,3745
GAS,3746
GAS,3747
GAS,3748
GAS,3749
GAS,3750
GAS,3751
GAS,3752
ELECTRIC,3753
GAS,3754
GAS,3755
GAS,3756
GAS,3757
GAS,3758
GAS,3759
GAS,3760
GAS,3761
GAS,3762
GAS,3763
GAS,3764
GAS,3765
GAS,3766
OIL,3767
OIL,3768
GAS,3769
GAS,3770
,3771
GAS,3772
GAS,3773
GAS,3774
GAS,3775
GAS,3776
GAS,3777
GAS,3778
GAS,3779
GAS,3780
GAS,3781
GAS,3782
GAS,3783
OIL,3784
GAS,3785
GAS,3786
GAS,3787
GAS,3788
GAS,3789
OIL,3790
GAS,3791
OIL,3792
GAS,3793
GAS,3794
GAS,3795
GAS,3796
GAS,3797
GAS,3798
GAS,3799
GAS,3800
GAS,3801
OIL,3802
GAS,3803
GAS,3804
GAS,3805
GAS,3806
GAS,3807
GAS,3808
GAS,3809
ELECTRIC,3810
GAS,3811
GAS,3812
GAS,3813
OIL,3814
GAS,3815
GAS,3816
GAS,3817
GAS,3818
GAS,3819
GAS,3820
GAS,3821
GAS,3822
GAS,3823
GAS,3824
GAS,3825
ELECTRIC,3826
GAS,3827
GAS,3828
GAS,3829
GAS,3830
GAS,3831
GAS,3832
GAS,3833
GAS,3834
GAS,3835
GAS,3836
GAS,3837
GAS,3838
GAS,3839
GAS,3840
GAS,3841
GAS,3842
GAS,3843
GAS,3844
OIL,3845
GAS,3846
GAS,3847
GAS,3848
GAS,3849
GAS,3850
GAS,3851
ELECTRIC,3852
GAS,3853
GAS,3854
GAS,3855
GAS,3856
GAS,3857
GAS,3858
GAS,3859
GAS,3860
GAS,3861
GAS,3862
GAS,3863
GAS,3864
GAS,3865
ELECTRIC,3866
GAS,3867
GAS,3868
GAS,3869
GAS,3870
GAS,3871
GAS,3872
GAS,3873
GAS,3874
,3875
GAS,3876
,3877
GAS,3878
GAS,3879
GAS,3880
GAS,3881
GAS,3882
GAS,3883
GAS,3884
GAS,3885
GAS,3886
GAS,3887
GAS,3888
OIL,3889
GAS,3890
GAS,3891
,3892
ELECTRIC,3893
GAS,3894
GAS,3895
GAS,3896
GAS,3897
GAS,3898
GAS,3899
GAS,3900
GAS,3901
GAS,3902
GAS,3903
GAS,3904
GAS,3905
GAS,3906
GAS,3907
GAS,3908
GAS,3909
,3910
OIL,3911
GAS,3912
GAS,3913
,3914
GAS,3915
GAS,3916
GAS,3917
OIL,3918
GAS,3919
GAS,3920
,3921
GAS,3922
GAS,3923
GAS,3924
GAS,3925
GAS,3926
GAS,3927
GAS,3928
GAS,3929
GAS,3930
GAS,3931
GAS,3932
GAS,3933
GAS,3934
GAS,3935
GAS,3936
GAS,3937
GAS,3938
GAS,3939
GAS,3940
OIL,3941
GAS,3942
GAS,3943
GAS,3944
GAS,3945
GAS,3946
OIL,3947
GAS,3948
GAS,3949
GAS,3950
GAS,3951
GAS,3952
GAS,3953
GAS,3954
GAS,3955
GAS,3956
GAS,3957
GAS,3958
GAS,3959
GAS,3960
ELECTRIC,3961
GAS,3962
OIL,3963
GAS,3964
GAS,3965
OIL,3966
OIL,3967
GAS,3968
GAS,3969
GAS,3970
GAS,3971
GAS,3972
GAS,3973
GAS,3974
GAS,3975
GAS,3976
GAS,3977
GAS,3978
GAS,3979
GAS,3980
GAS,3981
GAS,3982
GAS,3983
GAS,3984
GAS,3985
GAS,3986
OIL,3987
GAS,3988
GAS,3989
GAS,3990
GAS,3991
GAS,3992
OIL,3993
GAS,3994
GAS,3995
GAS,3996
GAS,3997
GAS,3998
GAS,3999
GAS,4000
GAS,4001
GAS,4002
GAS,4003
GAS,4004
OIL,4005
GAS,4006
GAS,4007
GAS,4008
GAS,4009
GAS,4010
OIL,4011
GAS,4012
OIL,4013
GAS,4014
GAS,4015
OIL,4016
OIL,4017
GAS,4018
GAS,4019
GAS,4020
GAS,4021
GAS,4022
GAS,4023
GAS,4024
GAS,4025
GAS,4026
GAS,4027
GAS,4028
GAS,4029
GAS,4030
GAS,4031
GAS,4032
GAS,4033
GAS,4034
GAS,4035
GAS,4036
GAS,4037
GAS,4038
GAS,4039
GAS,4040
GAS,4041
GAS,4042
GAS,4043
GAS,4044
GAS,4045
GAS,4046
GAS,4047
GAS,4048
GAS,4049
GAS,4050
GAS,4051
GAS,4052
GAS,4053
PROPANE,4054
GAS,4055
,4056
GAS,4057
GAS,4058
GAS,4059
ELECTRIC,4060
GAS,4061
GAS,4062
OIL,4063
GAS,4064
GAS,4065
GAS,4066
GAS,4067
GAS,4068
ELECTRIC,4069
GAS,4070
GAS,4071
GAS,4072
OIL,4073
GAS,4074
ELECTRIC,4075
GAS,4076
GAS,4077
GAS,4078
GAS,4079
OIL,4080
GAS,4081
GAS,4082
GAS,4083
,4084
GAS,4085
GAS,4086
GAS,4087
OIL,4088
GAS,4089
GAS,4090
GAS,4091
GAS,4092
GAS,4093
,4094
GAS,4095
GAS,4096
OIL,4097
GAS,4098
GAS,4099
GAS,4100
GAS,4101
GAS,4102
GAS,4103
ELECTRIC,4104
GAS,4105
GAS,4106
GAS,4107
GAS,4108
GAS,4109
GAS,4110
GAS,4111
OIL,4112
GAS,4113
GAS,4114
GAS,4115
GAS,4116
GAS,4117
GAS,4118
GAS,4119
GAS,4120
OIL,4121
GAS,4122
GAS,4123
GAS,4124
GAS,4125
GAS,4126
GAS,4127
GAS,4128
GAS,4129
GAS,4130
GAS,4131
OIL,4132
,4133
OIL,4134
GAS,4135
GAS,4136
GAS,4137
,4138
GAS,4139
GAS,4140
GAS,4141
GAS,4142
GAS,4143
GAS,4144
GAS,4145
GAS,4146
GAS,4147
GAS,4148
ELECTRIC,4149
GAS,4150
GAS,4151
GAS,4152
GAS,4153
OIL,4154
GAS,4155
GAS,4156
OIL,4157
GAS,4158
GAS,4159
GAS,4160
GAS,4161
GAS,4162
GAS,4163
GAS,4164
OIL,4165
GAS,4166
GAS,4167
GAS,4168
GAS,4169
GAS,4170
GAS,4171
GAS,4172
GAS,4173
GAS,4174
GAS,4175
GAS,4176
GAS,4177
GAS,4178
,4179
GAS,4180
GAS,4181
GAS,4182
GAS,4183
GAS,4184
GAS,4185
GAS,4186
OIL,4187
OIL,4188
GAS,4189
GAS,4190
GAS,4191
GAS,4192
GAS,4193
GAS,4194
GAS,4195
,4196
GAS,4197
GAS,4198
OIL,4199
GAS,4200
GAS,4201
GAS,4202
GAS,4203
GAS,4204
GAS,4205
GAS,4206
GAS,4207
GAS,4208
GAS,4209
GAS,4210
GAS,4211
GAS,4212
GAS,4213
GAS,4214
GAS,4215
GAS,4216
,4217
GAS,4218
GAS,4219
ELECTRIC,4220
GAS,4221
GAS,4222
GAS,4223
GAS,4224
GAS,4225
GAS,4226
GAS,4227
GAS,4228
GAS,4229
GAS,4230
GAS,4231
GAS,4232
GAS,4233
GAS,4234
GAS,4235
GAS,4236
GAS,4237
GAS,4238
GAS,4239
GAS,4240
GAS,4241
GAS,4242
GAS,4243
GAS,4244
GAS,4245
GAS,4246
GAS,4247
GAS,4248
OIL,4249
GAS,4250
OIL,4251
GAS,4252
GAS,4253
PROPANE,4254
OIL,4255
GAS,4256
GAS,4257
GAS,4258
GAS,4259
GAS,4260
GAS,4261
GAS,4262
GAS,4263
GAS,4264
GAS,4265
GAS,4266
GAS,4267
GAS,4268
PROPANE,4269
GAS,4270
GAS,4271
GAS,4272
OIL,4273
GAS,4274
GAS,4275
GAS,4276
GAS,4277
GAS,4278
GAS,4279
GAS,4280
GAS,4281
,4282
GAS,4283
ELECTRIC,4284
OIL,4285
GAS,4286
GAS,4287
GAS,4288
GAS,4289
GAS,4290
GAS,4291
GAS,4292
GAS,4293
GAS,4294
GAS,4295
GAS,4296
GAS,4297
GAS,4298
GAS,4299
GAS,4300
GAS,4301
GAS,4302
GAS,4303
GAS,4304
GAS,4305
OIL,4306
GAS,4307
GAS,4308
GAS,4309
GAS,4310
GAS,4311
GAS,4312
GAS,4313
GAS,4314
GAS,4315
OIL,4316
GAS,4317
GAS,4318
GAS,4319
GAS,4320
,4321
GAS,4322
,4323
GAS,4324
GAS,4325
ELECTRIC,4326
GAS,4327
GAS,4328
GAS,4329
GAS,4330
GAS,4331
GAS,4332
GAS,4333
GAS,4334
GAS,4335
GAS,4336
GAS,4337
GAS,4338
OIL,4339
GAS,4340
GAS,4341
GAS,4342
GAS,4343
GAS,4344
,4345
GAS,4346
GAS,4347
,4348
GAS,4349
GAS,4350
GAS,4351
GAS,4352
GAS,4353
GAS,4354
GAS,4355
GAS,4356
GAS,4357
GAS,4358
GAS,4359
GAS,4360
GAS,4361
GAS,4362
GAS,4363
GAS,4364
GAS,4365
GAS,4366
GAS,4367
GAS,4368
OIL,4369
GAS,4370
GAS,4371
GAS,4372
OIL,4373
GAS,4374
GAS,4375
GAS,4376
OIL,4377
GAS,4378
GAS,4379
GAS,4380
GAS,4381
GAS,4382
GAS,4383
GAS,4384
GAS,4385
GAS,4386
GAS,4387
GAS,4388
GAS,4389
,4390
GAS,4391
GAS,4392
GAS,4393
ELECTRIC,4394
GAS,4395
OIL,4396
GAS,4397
GAS,4398
GAS,4399
OIL,4400
GAS,4401
GAS,4402
GAS,4403
OIL,4405
ELECTRIC,4406
GAS,4407
GAS,4408
,4409
GAS,4410
GAS,4411
OIL,4412
GAS,4413
OIL,4414
GAS,4415
GAS,4416
GAS,4417
GAS,4418
OIL,4419
GAS,4420
GAS,4421
GAS,4422
GAS,4423
GAS,4424
GAS,4425
OIL,4426
GAS,4427
ELECTRIC,4428
GAS,4429
GAS,4430
GAS,4431
GAS,4432
GAS,4433
OIL,4434
GAS,4435
GAS,4436
GAS,4437
GAS,4438
GAS,4439
GAS,4440
GAS,4441
GAS,4442
GAS,4443
GAS,4444
GAS,4445
GAS,4446
ELECTRIC,4447
GAS,4448
OIL,4449
PROPANE,4450
GAS,4451
GAS,4452
GAS,4453
,4454
GAS,4455
GAS,4456
GAS,4457
GAS,4458
GAS,4459
GAS,4460
GAS,4461
GAS,4462
GAS,4463
GAS,4464
,4465
GAS,4466
GAS,4467
GAS,4468
ELECTRIC,4469
GAS,4470
GAS,4471
GAS,4472
GAS,4473
GAS,4474
GAS,4475
GAS,4476
GAS,4477
GAS,4478
OIL,4479
ELECTRIC,4480
GAS,4481
GAS,4482
GAS,4483
GAS,4484
GAS,4485
GAS,4486
OIL,4487
GAS,4488
GAS,4489
GAS,4490
OIL,4491
GAS,4492
GAS,4493
GAS,4494
GAS,4495
GAS,4496
GAS,4497
,4498
GAS,4499
GAS,4500
OIL,4501
OIL,4502
GAS,4503
GAS,4504
GAS,4505
GAS,4506
ELECTRIC,4507
GAS,4508
GAS,4509
OIL,4510
GAS,4511
GAS,4512
GAS,4513
GAS,4514
GAS,4515
GAS,4516
GAS,4517
OIL,4518
GAS,4519
GAS,4520
PROPANE,4521
GAS,4522
OIL,4523
PROPANE,4524
GAS,4525
GAS,4526
GAS,4527
GAS,4528
OIL,4529
GAS,4530
OIL,4531
GAS,4532
OIL,4533
GAS,4534
GAS,4535
GAS,4536
OIL,4537
,4538
GAS,4539
GAS,4540
,4541
PROPANE,4542
GAS,4543
GAS,4544
,4545
GAS,4546
GAS,4547
GAS,4548
GAS,4549
GAS,4550
GAS,4551
OIL,4552
GAS,4553
GAS,4554
GAS,4555
ELECTRIC,4556
GAS,4557
GAS,4558
GAS,4559
GAS,4560
OIL,4561
GAS,4562
GAS,4563
GAS,4564
GAS,4565
OIL,4566
GAS,4567
GAS,4568
GAS,4569
GAS,4570
GAS,4571
GAS,4572
GAS,4573
OIL,4574
GAS,4575
GAS,4576
GAS,4577
GAS,4578
GAS,4579
OIL,4580
GAS,4581
GAS,4582
GAS,4583
OIL,4584
GAS,4585
GAS,4586
GAS,4587
GAS,4588
GAS,4589
OIL,4590
GAS,4591
GAS,4592
GAS,4593
GAS,4594
ELECTRIC,4595
GAS,4596
GAS,4597
GAS,4598
GAS,4599
OIL,4600
GAS,4601
GAS,4602
GAS,4603
OIL,4604
GAS,4605
OIL,4606
GAS,4607
GAS,4608
OIL,4609
OIL,4610
GAS,4611
GAS,4612
GAS,4613
GAS,4614
GAS,4615
GAS,4616
GAS,4617
GAS,4619
PROPANE,4620
GAS,4621
GAS,4622
GAS,4623
OIL,4624
GAS,4625
GAS,4626
GAS,4627
GAS,4628
GAS,4629
GAS,4630
,4631
GAS,4632
GAS,4633
GAS,4634
OIL,4635
GAS,4636
GAS,4637
GAS,4638
GAS,4639
,4640
GAS,4641
GAS,4642
GAS,4643
GAS,4644
GAS,4645
GAS,4646
OIL,4647
GAS,4648
GAS,4649
GAS,4650
GAS,4651
GAS,4652
GAS,4653
GAS,4654
GAS,4655
GAS,4656
GAS,4657
GAS,4658
GAS,4659
GAS,4660
GAS,4661
GAS,4662
GAS,4663
GAS,4664
GAS,4665
GAS,4666
GAS,4667
GAS,4668
GAS,4669
GAS,4670
GAS,4671
GAS,4672
GAS,4673
GAS,4674
GAS,4675
GAS,4676
GAS,4677
GAS,4678
GAS,4679
GAS,4680
GAS,4681
GAS,4682
GAS,4683
GAS,4684
ELECTRIC,4685
OIL,4686
GAS,4687
GAS,4688
GAS,4689
GAS,4690
GAS,4691
GAS,4692
GAS,4693
GAS,4694
GAS,4695
GAS,4696
GAS,4697
,4698
OIL,4699
GAS,4700
ELECTRIC,4701
GAS,4702
GAS,4703
GAS,4704
GAS,4705
GAS,4706
GAS,4707
GAS,4708
GAS,4709
GAS,4710
GAS,4711
GAS,4712
GAS,4713
GAS,4714
GAS,4715
GAS,4716
GAS,4717
GAS,4718
GAS,4719
GAS,4720
GAS,4721
OIL,4722
GAS,4723
GAS,4724
GAS,4725
GAS,4726
GAS,4727
GAS,4728
GAS,4729
GAS,4730
GAS,4731
GAS,4732
GAS,4733
GAS,4734
GAS,4735
GAS,4736
GAS,4737
GAS,4738
GAS,4739
GAS,4740
GAS,4741
OIL,4742
GAS,4743
GAS,4744
GAS,4745
ELECTRIC,4746
GAS,4747
OIL,4748
OIL,4749
OIL,4750
GAS,4751
GAS,4752
GAS,4753
,4754
GAS,4755
GAS,4756
GAS,4757
GAS,4758
GAS,4759
GAS,4760
GAS,4761
GAS,4762
ELECTRIC,4763
GAS,4764
,4765
GAS,4766
GAS,4767
GAS,4768
GAS,4769
GAS,4770
GAS,4771
GAS,4772
,4773
GAS,4774
,4775
GAS,4776
,4777
GAS,4778
GAS,4779
GAS,4780
GAS,4781
OIL,4782
ELECTRIC,4783
OIL,4784
GAS,4785
GAS,4786
OIL,4787
GAS,4788
GAS,4789
OIL,4790
GAS,4791
GAS,4792
,4793
GAS,4794
GAS,4795
GAS,4796
OIL,4797
GAS,4798
GAS,4799
GAS,4800
GAS,4801
GAS,4802
GAS,4803
GAS,4804
GAS,4805
GAS,4806
,4807
GAS,4808
GAS,4809
GAS,4810
GAS,4811
OIL,4812
OIL,4813
GAS,4814
GAS,4815
GAS,4816
OIL,4817
GAS,4818
GAS,4819
GAS,4820
GAS,4821
GAS,4822
OIL,4823
GAS,4824
GAS,4825
GAS,4826
GAS,4827
OIL,4828
ELECTRIC,4829
GAS,4830
GAS,4831
GAS,4832
GAS,4833
GAS,4834
GAS,4835
OIL,4836
GAS,4837
GAS,4838
PROPANE,4839
GAS,4840
GAS,4841
GAS,4842
GAS,4843
,4844
GAS,4845
GAS,4846
GAS,4847
GAS,4848
GAS,4849
GAS,4850
GAS,4851
GAS,4852
GAS,4853
GAS,4854
GAS,4855
GAS,4856
GAS,4857
GAS,4858
GAS,4859
PROPANE,4860
GAS,4861
GAS,4862
GAS,4863
GAS,4864
GAS,4865
GAS,4866
,4867
OIL,4868
OIL,4869
GAS,4870
GAS,4871
,4872
GAS,4873
GAS,4874
GAS,4875
,4876
GAS,4877
GAS,4878
GAS,4879
GAS,4880
GAS,4881
OIL,4882
ELECTRIC,4883
ELECTRIC,4884
GAS,4885
GAS,4886
GAS,4887
GAS,4888
GAS,4889
GAS,4890
GAS,4891
GAS,4892
GAS,4893
GAS,4894
GAS,4895
GAS,4896
OIL,4897
PROPANE,4898
GAS,4899
GAS,4900
GAS,4901
GAS,4902
GAS,4903
GAS,4904
,4905
GAS,4906
GAS,4907
GAS,4908
GAS,4909
GAS,4910
GAS,4911
GAS,4912
GAS,4913
GAS,4914
GAS,4915
PROPANE,4916
GAS,4917
GAS,4918
GAS,4919
GAS,4920
GAS,4921
GAS,4922
GAS,4923
GAS,4924
GAS,4925
GAS,4926
GAS,4927
GAS,4928
GAS,4929
GAS,4930
GAS,4931
GAS,4932
GAS,4933
GAS,4934
GAS,4935
GAS,4936
GAS,4937
GAS,4938
GAS,4939
GAS,4940
GAS,4941
GAS,4942
GAS,4943
GAS,4944
GAS,4945
GAS,4946
OIL,4947
GAS,4948
GAS,4949
GAS,4950
GAS,4951
GAS,4952
GAS,4953
GAS,4954
GAS,4955
GAS,4956
GAS,4957
GAS,4958
GAS,4959
GAS,4960
GAS,4961
GAS,4962
GAS,4963
GAS,4964
GAS,4965
GAS,4966
GAS,4967
GAS,4968
GAS,4969
ELECTRIC,4970
OIL,4971
PROPANE,4972
GAS,4973
GAS,4974
ELECTRIC,4975
GAS,4976
GAS,4977
GAS,4978
GAS,4979
GAS,4980
GAS,4981
GAS,4982
GAS,4983
GAS,4984
GAS,4985
GAS,4986
GAS,4987
OIL,4988
GAS,4989
GAS,4990
GAS,4991
ELECTRIC,4992
GAS,4993
GAS,4994
GAS,4995
GAS,4996
OIL,4997
GAS,4998
GAS,4999
GAS,5000
GAS,5001
GAS,5002
GAS,5003
GAS,5004
GAS,5005
GAS,5006
GAS,5007
,5008
OIL,5009
GAS,5010
GAS,5011
GAS,5012
GAS,5013
,5014
GAS,5015
GAS,5016
GAS,5017
GAS,5018
GAS,5019
GAS,5020
GAS,5021
GAS,5022
GAS,5023
GAS,5024
GAS,5025
GAS,5026
GAS,5027
GAS,5028
OIL,5029
GAS,5030
GAS,5031
GAS,5032
GAS,5033
GAS,5034
GAS,5035
GAS,5036
GAS,5037
GAS,5038
GAS,5039
OIL,5040
GAS,5041
GAS,5042
GAS,5043
GAS,5044
GAS,5045
GAS,5046
GAS,5047
GAS,5048
GAS,5049
GAS,5050
GAS,5051
GAS,5052
GAS,5053
ELECTRIC,5054
GAS,5055
GAS,5056
GAS,5057
GAS,5058
GAS,5059
GAS,5060
GAS,5061
GAS,5062
GAS,5063
GAS,5064
GAS,5065
GAS,5066
GAS,5067
GAS,5068
GAS,5069
GAS,5070
GAS,5071
GAS,5072
GAS,5073
GAS,5074
GAS,5075
GAS,5076
GAS,5077
OIL,5078
GAS,5079
GAS,5080
GAS,5081
ELECTRIC,5082
GAS,5083
GAS,5084
GAS,5085
GAS,5086
GAS,5087
GAS,5088
GAS,5089
GAS,5090
GAS,5091
GAS,5092
,5093
GAS,5094
GAS,5095
GAS,5096
GAS,5097
GAS,5098
GAS,5099
GAS,5100
GAS,5101
GAS,5102
GAS,5103
GAS,5104
OIL,5105
GAS,5106
GAS,5107
GAS,5108
GAS,5109
GAS,5110
,5111
OIL,5112
OIL,5113
GAS,5114
GAS,5115
GAS,5116
OIL,5117
GAS,5118
OIL,5119
GAS,5120
,5121
GAS,5122
GAS,5123
GAS,5124
GAS,5125
GAS,5126
GAS,5127
GAS,5128
GAS,5129
GAS,5130
OIL,5131
OIL,5132
GAS,5133
GAS,5134
GAS,5135
GAS,5136
GAS,5137
OIL,5138
GAS,5139
OIL,5140
GAS,5141
GAS,5142
GAS,5143
GAS,5144
GAS,5145
GAS,5146
GAS,5147
GAS,5148
OIL,5149
GAS,5150
GAS,5151
GAS,5152
GAS,5153
ELECTRIC,5154
GAS,5155
GAS,5156
GAS,5157
GAS,5158
OIL,5159
GAS,5160
GAS,5161
GAS,5162
OIL,5163
GAS,5164
OIL,5165
GAS,5166
GAS,5167
GAS,5168
GAS,5169
OIL,5170
GAS,5171
GAS,5172
GAS,5173
OIL,5174
GAS,5175
ELECTRIC,5176
GAS,5177
GAS,5178
GAS,5179
GAS,5180
GAS,5181
GAS,5182
GAS,5183
GAS,5184
OIL,5185
GAS,5186
GAS,5187
GAS,5188
GAS,5189
GAS,5190
GAS,5191
GAS,5192
GAS,5193
GAS,5194
GAS,5195
GAS,5196
PROPANE,5197
GAS,5198
GAS,5199
,5200
GAS,5201
GAS,5202
GAS,5203
GAS,5204
GAS,5205
GAS,5206
OIL,5207
GAS,5208
OIL,5209
GAS,5210
GAS,5211
GAS,5212
GAS,5213
GAS,5214
GAS,5215
GAS,5216
GAS,5217
GAS,5218
OIL,5219
ELECTRIC,5220
GAS,5221
GAS,5222
NONE,5223
OIL,5224
GAS,5225
GAS,5226
GAS,5227
GAS,5228
GAS,5229
GAS,5230
GAS,5231
GAS,5232
,5233
GAS,5234
GAS,5235
,5236
GAS,5237
GAS,5238
GAS,5239
GAS,5240
OIL,5241
GAS,5242
GAS,5243
GAS,5244
GAS,5245
GAS,5246
GAS,5247
GAS,5248
GAS,5249
GAS,5250
,5251
,5252
GAS,5253
GAS,5254
GAS,5255
OIL,5256
GAS,5257
GAS,5258
GAS,5259
GAS,5260
GAS,5261
GAS,5262
GAS,5263
GAS,5264
OIL,5265
GAS,5266
OIL,5267
GAS,5268
OIL,5269
GAS,5270
GAS,5271
GAS,5272
GAS,5273
GAS,5274
GAS,5275
GAS,5276
GAS,5277
GAS,5278
GAS,5279
GAS,5280
GAS,5281
GAS,5282
GAS,5283
OIL,5284
GAS,5285
GAS,5286
GAS,5287
GAS,5288
GAS,5289
GAS,5290
GAS,5291
GAS,5292
GAS,5293
GAS,5294
GAS,5295
GAS,5296
GAS,5297
GAS,5298
GAS,5299
GAS,5300
GAS,5301
GAS,5302
GAS,5303
GAS,5304
GAS,5305
GAS,5306
GAS,5307
GAS,5308
GAS,5309
GAS,5310
GAS,5311
OIL,5312
GAS,5313
GAS,5314
GAS,5315
GAS,5316
GAS,5317
GAS,5318
GAS,5319
GAS,5320
GAS,5321
GAS,5322
GAS,5323
GAS,5324
GAS,5325
GAS,5326
OIL,5327
GAS,5328
GAS,5329
GAS,5330
,5331
GAS,5332
GAS,5333
GAS,5334
GAS,5335
GAS,5336
GAS,5337
GAS,5338
OIL,5339
GAS,5340
OIL,5341
GAS,5342
ELECTRIC,5343
GAS,5344
GAS,5345
GAS,5346
ELECTRIC,5347
,5348
OIL,5349
GAS,5350
GAS,5351
GAS,5352
GAS,5353
,5354
OIL,5355
GAS,5356
GAS,5357
GAS,5358
GAS,5359
GAS,5360
GAS,5361
OIL,5362
GAS,5363
GAS,5364
GAS,5365
GAS,5366
GAS,5367
GAS,5368
GAS,5369
GAS,5370
GAS,5371
GAS,5372
GAS,5373
GAS,5374
GAS,5375
GAS,5376
OIL,5377
GAS,5378
ELECTRIC,5379
GAS,5380
ELECTRIC,5381
GAS,5382
GAS,5383
GAS,5384
GAS,5385
GAS,5386
GAS,5387
GAS,5388
GAS,5389
GAS,5390
,5391
GAS,5392
GAS,5393
GAS,5394
GAS,5395
GAS,5396
GAS,5397
GAS,5398
,5399
GAS,5400
GAS,5401
GAS,5402
GAS,5403
GAS,5404
GAS,5405
OIL,5406
GAS,5407
GAS,5408
GAS,5409
GAS,5410
GAS,5411
GAS,5412
GAS,5413
,5414
GAS,5415
GAS,5416
OIL,5417
GAS,5418
GAS,5419
GAS,5420
GAS,5421
OIL,5422
GAS,5423
GAS,5424
,5425
,5426
GAS,5427
GAS,5428
GAS,5429
GAS,5430
GAS,5431
GAS,5432
GAS,5433
GAS,5434
GAS,5435
GAS,5436
GAS,5437
GAS,5438
GAS,5439
GAS,5440
OIL,5441
GAS,5442
GAS,5443
GAS,5444
GAS,5445
GAS,5446
GAS,5447
GAS,5448
GAS,5449
GAS,5450
GAS,5451
GAS,5452
GAS,5453
GAS,5454
OIL,5455
GAS,5456
GAS,5457
GAS,5458
GAS,5459
,5460
GAS,5461
GAS,5462
GAS,5463
GAS,5464
GAS,5465
OIL,5466
OIL,5467
GAS,5468
GAS,5469
GAS,5470
GAS,5471
GAS,5472
ELECTRIC,5473
GAS,5474
GAS,5475
GAS,5476
GAS,5477
OIL,5478
GAS,5479
GAS,5480
GAS,5481
OIL,5482
GAS,5483
GAS,5484
GAS,5485
GAS,5486
OIL,5487
GAS,5488
GAS,5489
GAS,5490
GAS,5491
GAS,5492
GAS,5493
GAS,5494
OIL,5495
,5496
GAS,5497
GAS,5498
GAS,5499
GAS,5500
GAS,5501
GAS,5502
GAS,5503
GAS,5504
GAS,5505
GAS,5506
GAS,5507
GAS,5508
GAS,5509
OIL,5510
GAS,5511
GAS,5512
OIL,5513
GAS,5514
GAS,5515
GAS,5516
ELECTRIC,5517
GAS,5518
OIL,5519
GAS,5520
GAS,5521
GAS,5522
GAS,5523
GAS,5524
GAS,5525
OIL,5526
GAS,5527
GAS,5528
GAS,5529
GAS,5530
OIL,5531
GAS,5532
GAS,5533
GAS,5534
GAS,5535
ELECTRIC,5536
OIL,5537
GAS,5538
GAS,5539
OIL,5540
OIL,5541
GAS,5542
,5543
,5544
ELECTRIC,5545
GAS,5546
GAS,5547
OIL,5548
,5549
GAS,5550
GAS,5551
GAS,5552
GAS,5553
GAS,5554
GAS,5555
GAS,5556
GAS,5557
,5558
GAS,5559
GAS,5560
GAS,5561
GAS,5562
GAS,5563
GAS,5564
GAS,5565
GAS,5566
GAS,5567
GAS,5568
GAS,5569
GAS,5570
GAS,5571
GAS,5572
GAS,5573
OIL,5574
GAS,5575
OIL,5576
GAS,5577
,5578
GAS,5579
GAS,5580
GAS,5581
GAS,5582
GAS,5583
GAS,5584
GAS,5585
ELECTRIC,5586
GAS,5587
GAS,5588
GAS,5589
GAS,5590
GAS,5591
GAS,5592
GAS,5593
GAS,5594
GAS,5595
GAS,5596
GAS,5597
GAS,5598
GAS,5599
GAS,5600
GAS,5601
OIL,5602
GAS,5603
GAS,5604
GAS,5605
GAS,5606
GAS,5607
GAS,5608
OIL,5609
GAS,5610
GAS,5611
GAS,5612
GAS,5613
GAS,5614
GAS,5615
GAS,5616
GAS,5617
GAS,5618
GAS,5619
OIL,5620
GAS,5621
GAS,5622
GAS,5623
GAS,5624
GAS,5625
OIL,5626
OIL,5627
GAS,5628
GAS,5629
ELECTRIC,5630
GAS,5631
GAS,5632
GAS,5633
GAS,5634
,5635
GAS,5636
GAS,5637
GAS,5638
GAS,5639
GAS,5640
GAS,5641
GAS,5642
GAS,5643
GAS,5644
GAS,5645
GAS,5646
GAS,5647
OIL,5648
GAS,5649
GAS,5650
,5651
ELECTRIC,5652
GAS,5653
GAS,5654
GAS,5655
GAS,5656
GAS,5657
OIL,5658
GAS,5659
,5660
GAS,5661
GAS,5662
GAS,5663
GAS,5664
GAS,5665
GAS,5666
GAS,5667
GAS,5668
GAS,5669
GAS,5670
OIL,5671
GAS,5672
OIL,5673
GAS,5674
OIL,5675
GAS,5676
,5677
OIL,5678
OIL,5679
OIL,5680
GAS,5681
GAS,5682
ELECTRIC,5683
GAS,5684
OIL,5685
GAS,5686
,5687
GAS,5688
GAS,5689
OIL,5690
GAS,5691
GAS,5692
GAS,5693
GAS,5694
GAS,5695
GAS,5696
GAS,5697
OIL,5698
GAS,5699
ELECTRIC,5700
GAS,5701
GAS,5702
GAS,5703
GAS,5704
GAS,5705
GAS,5706
GAS,5707
GAS,5708
GAS,5709
GAS,5710
GAS,5711
GAS,5712
OIL,5713
GAS,5714
OIL,5715
GAS,5716
GAS,5717
GAS,5718
GAS,5719
GAS,5720
GAS,5721
GAS,5722
GAS,5723
GAS,5724
GAS,5725
GAS,5726
GAS,5727
GAS,5728
GAS,5729
GAS,5730
GAS,5731
GAS,5732
GAS,5733
GAS,5734
GAS,5735
GAS,5736
GAS,5737
GAS,5738
GAS,5739
GAS,5740
,5741
GAS,5742
GAS,5743
GAS,5744
GAS,5745
GAS,5746
GAS,5747
OIL,5748
GAS,5749
GAS,5750
OIL,5751
GAS,5752
GAS,5753
GAS,5754
GAS,5755
GAS,5756
GAS,5757
OIL,5758
GAS,5759
GAS,5760
OIL,5761
GAS,5762
GAS,5763
GAS,5764
GAS,5765
GAS,5766
OIL,5767
GAS,5768
GAS,5769
GAS,5770
GAS,5771
GAS,5772
GAS,5773
GAS,5774
GAS,5775
GAS,5776
GAS,5777
GAS,5778
GAS,5779
OIL,5780
GAS,5781
GAS,5782
ELECTRIC,5783
GAS,5784
OIL,5785
GAS,5786
GAS,5787
GAS,5788
GAS,5789
GAS,5790
GAS,5791
GAS,5792
GAS,5793
OIL,5794
GAS,5795
GAS,5796
GAS,5797
GAS,5798
,5799
ELECTRIC,5800
OIL,5801
GAS,5802
GAS,5803
OIL,5804
GAS,5805
GAS,5806
GAS,5807
GAS,5808
GAS,5809
GAS,5810
GAS,5811
GAS,5812
GAS,5813
OIL,5814
GAS,5815
GAS,5816
GAS,5817
GAS,5818
GAS,5819
OIL,5820
GAS,5821
GAS,5822
OIL,5823
GAS,5824
GAS,5825
GAS,5826
GAS,5827
GAS,5828
GAS,5829
GAS,5830
GAS,5831
GAS,5832
GAS,5833
GAS,5834
GAS,5835
GAS,5836
GAS,5837
OIL,5838
GAS,5839
GAS,5840
GAS,5841
GAS,5842
GAS,5843
GAS,5844
GAS,5845
GAS,5846
OIL,5847
ELECTRIC,5848
GAS,5849
GAS,5850
GAS,5851
GAS,5852
GAS,5853
OIL,5854
GAS,5855
GAS,5856
GAS,5857
GAS,5858
OIL,5859
GAS,5860
GAS,5861
GAS,5862
GAS,5863
GAS,5864
GAS,5865
GAS,5866
GAS,5867
GAS,5868
ELECTRIC,5869
GAS,5870
GAS,5871
GAS,5872
GAS,5873
GAS,5874
GAS,5875
GAS,5876
GAS,5877
,5878
ELECTRIC,5879
ELECTRIC,5880
GAS,5881
GAS,5882
OIL,5883
GAS,5884
GAS,5885
GAS,5886
GAS,5887
OIL,5888
GAS,5889
,5890
GAS,5891
GAS,5892
GAS,5893
GAS,5894
GAS,5895
GAS,5896
OIL,5897
GAS,5898
OIL,5899
GAS,5900
GAS,5901
GAS,5902
GAS,5903
GAS,5904
GAS,5905
GAS,5906
GAS,5907
GAS,5908
OIL,5909
GAS,5910
GAS,5911
OIL,5912
GAS,5913
GAS,5914
GAS,5915
GAS,5916
GAS,5917
GAS,5918
GAS,5919
GAS,5920
GAS,5921
GAS,5922
,5923
GAS,5924
ELECTRIC,5925
GAS,5926
GAS,5927
OIL,5928
OIL,5929
GAS,5930
PROPANE,5931
GAS,5932
OIL,5933
GAS,5934
GAS,5935
GAS,5936
OIL,5937
GAS,5938
GAS,5939
GAS,5940
GAS,5941
GAS,5942
GAS,5943
GAS,5944
GAS,5945
GAS,5946
GAS,5947
GAS,5948
GAS,5949
GAS,5950
GAS,5951
GAS,5952
GAS,5953
GAS,5954
GAS,5955
GAS,5956
GAS,5957
GAS,5958
GAS,5959
GAS,5960
GAS,5961
GAS,5962
GAS,5963
GAS,5964
GAS,5965
GAS,5966
GAS,5967
GAS,5968
GAS,5969
GAS,5970
OIL,5971
GAS,5972
ELECTRIC,5973
GAS,5974
GAS,5975
OIL,5976
GAS,5977
GAS,5978
GAS,5979
GAS,5980
GAS,5981
GAS,5982
OIL,5983
GAS,5984
GAS,5985
GAS,5986
OIL,5987
GAS,5988
GAS,5989
GAS,5990
OIL,5991
GAS,5992
GAS,5993
GAS,5994
GAS,5995
GAS,5996
GAS,5997
GAS,5998
GAS,5999
GAS,6000
GAS,7001
GAS,7002
,7003
GAS,7004
GAS,7005
GAS,7006
GAS,7007
GAS,7008
GAS,7009
GAS,7010
GAS,7011
GAS,7012
GAS,7013
GAS,7014
GAS,7015
GAS,7016
GAS,7017
GAS,7018
OIL,7019
GAS,7020
GAS,7021
GAS,7022
GAS,7023
,7024
GAS,7025
GAS,7026
GAS,7027
GAS,7028
OIL,7029
PROPANE,7030
GAS,7031
GAS,7032
,7033
GAS,7034
GAS,7035
GAS,7036
GAS,7037
GAS,7038
GAS,7039
GAS,7040
GAS,7041
GAS,7042
GAS,7043
GAS,7044
GAS,7045
ELECTRIC,7046
GAS,7047
GAS,7048
GAS,7049
GAS,7050
GAS,7051
OIL,7052
OIL,7053
GAS,7054
GAS,7055
GAS,7056
ELECTRIC,7057
GAS,7058
,7059
GAS,7060
GAS,7061
GAS,7062
GAS,7063
GAS,7064
GAS,7065
GAS,7066
OIL,7067
ELECTRIC,7068
GAS,7069
GAS,7070
GAS,7071
GAS,7072
GAS,7073
GAS,7074
GAS,7075
GAS,7076
OIL,7077
GAS,7078
,7079
GAS,7080
GAS,7081
GAS,7082
GAS,7083
GAS,7084
ELECTRIC,7085
GAS,7086
GAS,7087
GAS,7088
GAS,7089
GAS,7090
GAS,7091
,7092
GAS,7093
GAS,7094
GAS,7095
GAS,7096
GAS,7097
GAS,7098
GAS,7099
GAS,7100
GAS,7101
GAS,7102
OIL,7103
OIL,7104
GAS,7105
GAS,7106
GAS,7107
ELECTRIC,7108
GAS,7109
GAS,7110
GAS,7111
GAS,7112
GAS,7113
GAS,7114
GAS,7115
GAS,7116
GAS,7117
GAS,7118
GAS,7119
GAS,7120
GAS,7121
GAS,7122
GAS,7123
,7124
GAS,7125
GAS,7126
GAS,7127
OIL,7128
GAS,7129
PROPANE,7130
GAS,7131
GAS,7132
GAS,7134
GAS,7135
GAS,7136
GAS,7137
GAS,7138
GAS,7139
GAS,7140
GAS,7141
GAS,7142
GAS,7143
GAS,7144
GAS,7145
GAS,7146
GAS,7147
GAS,7148
GAS,7149
GAS,7150
GAS,7151
GAS,7152
GAS,7153
GAS,7154
GAS,7155
OIL,7156
GAS,7157
GAS,7158
GAS,7159
GAS,7160
ELECTRIC,7161
GAS,7162
ELECTRIC,7163
GAS,7164
GAS,7165
GAS,7166
GAS,7167
GAS,7168
GAS,7169
OIL,7170
GAS,7171
OIL,7172
GAS,7173
GAS,7174
OIL,7175
OIL,7176
GAS,7177
GAS,7178
GAS,7179
GAS,7180
GAS,7181
GAS,7182
GAS,7183
OIL,7184
GAS,7185
GAS,7186
GAS,7187
GAS,7188
GAS,7189
GAS,7190
GAS,7191
GAS,7192
GAS,7193
GAS,7194
GAS,7195
GAS,7196
GAS,7197
GAS,7198
GAS,7199
GAS,7200
GAS,7201
OIL,7202
GAS,7203
GAS,7204
GAS,7205
,7206
GAS,7207
GAS,7208
GAS,7209
GAS,7210
GAS,7211
GAS,7212
GAS,7213
GAS,7214
GAS,7215
GAS,7216
GAS,7217
GAS,7218
GAS,7219
GAS,7220
GAS,7221
OIL,7222
GAS,7223
GAS,7224
GAS,7225
GAS,7226
GAS,7227
GAS,7228
GAS,7229
OIL,7230
GAS,7231
GAS,7232
GAS,7233
GAS,7234
GAS,7235
GAS,7236
GAS,7237
GAS,7238
GAS,7239
GAS,7240
GAS,7241
GAS,7242
GAS,7243
PROPANE,7244
GAS,7245
GAS,7246
GAS,7247
GAS,7248
GAS,7249
GAS,7250
,7251
ELECTRIC,7252
GAS,7253
,7254
GAS,7255
GAS,7256
OIL,7257
GAS,7258
GAS,7259
GAS,7260
GAS,7261
GAS,7262
GAS,7263
GAS,7264
GAS,7265
GAS,7266
GAS,7267
GAS,7268
,7269
GAS,7270
GAS,7271
GAS,7272
GAS,7273
GAS,7274
GAS,7275
GAS,7276
GAS,7277
GAS,7278
GAS,7279
GAS,7280
GAS,7281
GAS,7282
GAS,7283
GAS,7284
GAS,7285
GAS,7286
,7287
GAS,7288
GAS,7289
GAS,7290
GAS,7291
GAS,7292
GAS,7293
GAS,7294
GAS,7295
GAS,7296
,7297
GAS,7298
GAS,7299
GAS,7300
OIL,7301
GAS,7302
GAS,7303
ELECTRIC,7304
GAS,7305
GAS,7306
GAS,7307
GAS,7308
GAS,7309
GAS,7310
GAS,7311
GAS,7312
GAS,7313
GAS,7314
,7315
GAS,7316
OIL,7317
OIL,7318
GAS,7319
GAS,7320
OIL,7321
GAS,7322
GAS,7323
GAS,7324
NONE,7325
GAS,7326
GAS,7327
GAS,7328
OIL,7329
OIL,7330
GAS,7331
GAS,7332
OIL,7333
GAS,7334
GAS,7335
GAS,7336
GAS,7337
GAS,7338
OIL,7339
GAS,7340
GAS,7341
GAS,7342
GAS,7343
GAS,7344
GAS,7345
GAS,7346
GAS,7347
GAS,7348
GAS,7349
GAS,7350
,7351
OIL,7352
GAS,7353
OIL,7354
GAS,7355
GAS,7356
GAS,7357
GAS,7358
GAS,7359
GAS,7360
OIL,7361
GAS,7362
GAS,7363
OIL,7364
GAS,7365
GAS,7366
OIL,7367
GAS,7368
GAS,7369
GAS,7370
ELECTRIC,7371
OIL,7372
GAS,7373
GAS,7374
GAS,7375
GAS,7376
GAS,7377
GAS,7378
GAS,7379
GAS,7380
GAS,7381
GAS,7382
GAS,7383
GAS,7384
GAS,7385
GAS,7386
GAS,7387
GAS,7388
GAS,7389
GAS,7390
OIL,7391
GAS,7392
GAS,7393
GAS,7394
OIL,7395
GAS,7396
GAS,7397
GAS,7398
GAS,7399
OIL,7400
GAS,7401
GAS,7402
GAS,7403
GAS,7404
GAS,7405
,7406
PROPANE,7407
,7408
GAS,7409
GAS,7410
GAS,7411
GAS,7412
GAS,7413
GAS,7414
GAS,7415
GAS,7416
OIL,7417
GAS,7418
GAS,7419
GAS,7420
GAS,7421
,7422
GAS,7423
GAS,7424
GAS,7425
OIL,7426
GAS,7427
GAS,7428
GAS,7429
GAS,7430
GAS,7431
GAS,7432
GAS,7433
GAS,7434
GAS,7435
GAS,7436
GAS,7437
GAS,7438
GAS,7439
OIL,7440
GAS,7441
GAS,7442
GAS,7443
GAS,7444
GAS,7445
GAS,7446
GAS,7447
GAS,7448
GAS,7449
GAS,7450
GAS,7451
GAS,7452
GAS,7453
OIL,7454
GAS,7455
GAS,7456
GAS,7457
GAS,7458
ELECTRIC,7459
OIL,7460
GAS,7461
OIL,7462
GAS,7463
GAS,7464
GAS,7465
GAS,7466
OIL,7467
GAS,7468
GAS,7469
GAS,7470
GAS,7471
GAS,7472
OIL,7473
GAS,7474
,7475
GAS,7476
GAS,7477
GAS,7478
GAS,7479
GAS,7480
GAS,7481
GAS,7482
GAS,7483
GAS,7484
GAS,7485
GAS,7486
GAS,7487
GAS,7488
GAS,7489
GAS,7490
GAS,7491
GAS,7492
GAS,7493
GAS,7494
ELECTRIC,7495
GAS,7496
GAS,7497
GAS,7498
GAS,7499
GAS,7500
,7501
GAS,7502
GAS,7503
GAS,7504
GAS,7505
GAS,7506
GAS,7507
GAS,7508
,7509
GAS,7510
GAS,7511
GAS,7512
PROPANE,7513
GAS,7514
GAS,7515
GAS,7516
GAS,7517
GAS,7518
GAS,7519
GAS,7520
,7521
GAS,7522
GAS,7523
GAS,7524
GAS,7525
GAS,7526
GAS,7527
GAS,7528
GAS,7529
GAS,7530
GAS,7531
GAS,7532
GAS,7533
OIL,7534
GAS,7535
GAS,7536
OIL,7537
GAS,7538
GAS,7539
GAS,7540
OIL,7541
,7542
GAS,7543
GAS,7544
GAS,7545
GAS,7546
OIL,7547
GAS,7548
GAS,7549
GAS,7550
GAS,7551
GAS,7552
,7553
PROPANE,7554
GAS,7555
GAS,7556
GAS,7557
OIL,7558
GAS,7559
GAS,7560
GAS,7561
GAS,7562
GAS,7563
GAS,7564
OIL,7565
GAS,7566
GAS,7567
GAS,7568
GAS,7569
GAS,7570
GAS,7571
GAS,7572
GAS,7573
GAS,7574
GAS,7575
GAS,7576
GAS,7577
GAS,7578
GAS,7579
GAS,7580
OIL,7581
GAS,7582
GAS,7583
OIL,7584
GAS,7585
GAS,7586
GAS,7587
GAS,7588
ELECTRIC,7589
GAS,7590
GAS,7591
,7592
GAS,7593
ELECTRIC,7594
GAS,7595
GAS,7596
GAS,7597
GAS,7598
GAS,7599
,7600
GAS,7601
GAS,7602
GAS,7603
GAS,7604
GAS,7605
OIL,7606
ELECTRIC,7607
GAS,7608
GAS,7609
GAS,7610
GAS,7611
GAS,7612
OIL,7613
GAS,7614
GAS,7615
GAS,7616
,7617
GAS,7618
GAS,7619
OIL,7620
,7621
OIL,7622
GAS,7623
GAS,7624
GAS,7625
GAS,7626
GAS,7627
GAS,7628
ELECTRIC,7629
GAS,7630
GAS,7631
GAS,7632
GAS,7633
GAS,7634
OIL,7635
,7636
GAS,7637
GAS,7638
,7639
GAS,7640
GAS,7641
GAS,7642
GAS,7643
OIL,7644
GAS,7645
GAS,7646
GAS,7647
ELECTRIC,7648
GAS,7649
GAS,7650
GAS,7651
GAS,7652
GAS,7653
GAS,7654
GAS,7655
,7656
GAS,7657
GAS,7658
OIL,7659
GAS,7660
GAS,7661
GAS,7662
,7663
OIL,7664
GAS,7665
GAS,7666
GAS,7667
GAS,7668
GAS,7669
GAS,7670
GAS,7671
GAS,7672
GAS,7673
GAS,7674
GAS,7675
GAS,7676
GAS,7677
GAS,7678
GAS,7679
GAS,7680
GAS,7681
GAS,7682
GAS,7683
GAS,7684
GAS,7685
GAS,7686
GAS,7687
GAS,7688
OIL,7689
GAS,7690
GAS,7691
GAS,7692
GAS,7693
GAS,7694
GAS,7695
OIL,7696
GAS,7697
GAS,7698
OIL,7699
GAS,7700
GAS,7701
,7702
GAS,7703
GAS,7704
GAS,7705
GAS,7706
GAS,7707
GAS,7708
PROPANE,7709
GAS,7710
,7711
ELECTRIC,7712
OIL,7713
GAS,7714
GAS,7715
GAS,7716
GAS,7717
GAS,7718
GAS,7719
GAS,7720
GAS,7721
GAS,7722
GAS,7723
GAS,7724
OIL,7725
GAS,7726
GAS,7727
GAS,7728
OIL,7729
GAS,7730
OIL,7731
GAS,7732
OIL,7733
GAS,7734
,7735
GAS,7736
GAS,7737
GAS,7738
GAS,7739
GAS,7740
GAS,7741
GAS,7742
GAS,7743
GAS,7744
,7745
GAS,7746
GAS,7747
GAS,7748
GAS,7749
GAS,7750
GAS,7751
ELECTRIC,7752
GAS,7753
GAS,7754
GAS,7755
GAS,7756
GAS,7757
GAS,7758
OIL,7759
GAS,7760
OIL,7761
OIL,7762
GAS,7763
GAS,7764
PROPANE,7765
GAS,7766
GAS,7767
GAS,7768
GAS,7769
GAS,7770
GAS,7771
GAS,7772
GAS,7773
GAS,7774
GAS,7775
GAS,7776
GAS,7777
GAS,7778
GAS,7779
GAS,7780
GAS,7781
GAS,7782
,7783
GAS,7784
GAS,7785
GAS,7786
OIL,7787
GAS,7788
GAS,7789
GAS,7790
GAS,7791
GAS,7792
GAS,7793
GAS,7794
GAS,7795
GAS,7796
OIL,7797
GAS,7798
GAS,7799
GAS,7800
GAS,7801
GAS,7802
GAS,7803
GAS,7804
GAS,7805
GAS,7806
GAS,7807
GAS,7808
GAS,7809
GAS,7810
GAS,7811
GAS,7812
GAS,7813
GAS,7814
GAS,7815
GAS,7816
GAS,7817
GAS,7818
GAS,7819
GAS,7820
GAS,7821
GAS,7822
OIL,7823
GAS,7824
GAS,7825
GAS,7826
GAS,7827
GAS,7828
GAS,7829
GAS,7830
GAS,7831
GAS,7832
GAS,7833
GAS,7834
,7835
GAS,7836
,7837
GAS,7838
GAS,7839
GAS,7840
GAS,7841
GAS,7842
GAS,7843
GAS,7844
GAS,7845
NONE,7846
GAS,7847
GAS,7848
GAS,7849
GAS,7850
GAS,7851
OIL,7852
GAS,7853
GAS,7854
OIL,7855
OIL,7856
GAS,7857
GAS,7858
OIL,7859
GAS,7860
GAS,7861
ELECTRIC,7862
GAS,7863
GAS,7864
GAS,7865
,7866
GAS,7867
GAS,7868
GAS,7869
GAS,7870
GAS,7871
GAS,7872
GAS,7873
GAS,7874
ELECTRIC,7875
OIL,7876
GAS,7877
GAS,7878
GAS,7879
GAS,7880
OIL,7881
GAS,7882
GAS,7883
GAS,7884
GAS,7885
GAS,7886
GAS,7887
GAS,7888
GAS,7889
GAS,7890
GAS,7891
GAS,7892
GAS,7893
GAS,7894
GAS,7895
GAS,7896
GAS,7897
GAS,7898
GAS,7899
GAS,7900
GAS,7901
GAS,7902
GAS,7903
GAS,7904
,7905
GAS,7906
GAS,7907
GAS,7908
,7909
OIL,7910
GAS,7911
GAS,7912
GAS,7913
GAS,7914
GAS,7915
GAS,7916
GAS,7917
GAS,7918
,7919
GAS,7920
GAS,7921
GAS,7922
GAS,7923
GAS,7924
GAS,7925
GAS,7926
GAS,7927
GAS,7928
GAS,7929
GAS,7930
GAS,7931
GAS,7932
GAS,7933
,7934
GAS,7935
GAS,7936
GAS,7937
GAS,7938
GAS,7939
GAS,7940
GAS,7941
OIL,7942
GAS,7943
GAS,7944
GAS,7945
GAS,7946
GAS,7947
GAS,7948
GAS,7949
GAS,7950
GAS,7951
ELECTRIC,7952
OIL,7953
GAS,7954
GAS,7955
GAS,7956
GAS,7957
GAS,7958
GAS,7959
GAS,7960
GAS,7961
GAS,7962
OIL,7963
OIL,7964
GAS,7965
OIL,7966
GAS,7967
GAS,7968
GAS,7969
GAS,7970
GAS,7971
GAS,7972
GAS,7973
GAS,7974
GAS,7975
GAS,7976
GAS,7977
GAS,7978
GAS,7979
GAS,7980
GAS,7981
GAS,7982
GAS,7983
GAS,7984
ELECTRIC,7985
GAS,7986
OIL,7987
GAS,7988
GAS,7989
GAS,7990
GAS,7991
GAS,7992
GAS,7993
GAS,7994
GAS,7995
GAS,7996
GAS,7997
GAS,7998
GAS,7999
GAS,8000
GAS,9001
GAS,9002
OIL,9003
GAS,9004
GAS,9005
GAS,9006
GAS,9007
GAS,9008
GAS,9009
GAS,9010
GAS,9011
GAS,9012
GAS,9013
GAS,9014
GAS,9015
OIL,9016
GAS,9017
GAS,9018
OIL,9019
GAS,9020
GAS,9021
GAS,9022
GAS,9023
GAS,9024
GAS,9025
GAS,9026
GAS,9027
GAS,9028
GAS,9029
GAS,9030
GAS,9031
GAS,9032
OIL,9033
GAS,9034
GAS,9035
GAS,9036
GAS,9037
GAS,9038
GAS,9039
GAS,9040
,9041
GAS,9042
GAS,9043
GAS,9044
OIL,9045
GAS,9046
GAS,9047
GAS,9048
GAS,9049
,9050
GAS,9051
GAS,9052
GAS,9053
OIL,9054
GAS,9055
GAS,9056
GAS,9057
GAS,9058
GAS,9059
OIL,9060
GAS,9061
OIL,9062
GAS,9063
GAS,9064
OIL,9065
GAS,9066
GAS,9067
GAS,9068
GAS,9069
GAS,9070
GAS,9071
GAS,9072
GAS,9073
GAS,9074
GAS,9075
GAS,9076
GAS,9077
GAS,9078
GAS,9079
GAS,9080
GAS,9081
GAS,9082
GAS,9083
GAS,9084
GAS,9085
GAS,9086
,9087
GAS,9088
GAS,9089
GAS,9090
GAS,9091
GAS,9092
OIL,9093
GAS,9094
GAS,9095
GAS,9096
GAS,9097
,9098
GAS,9099
GAS,9100
ELECTRIC,9101
GAS,9102
GAS,9103
GAS,9104
GAS,9105
OIL,9106
,9107
GAS,9108
GAS,9109
GAS,9110
GAS,9111
OIL,9112
GAS,9113
GAS,9114
GAS,9115
GAS,9116
OIL,9117
GAS,9118
GAS,9119
GAS,9120
GAS,9121
GAS,9122
GAS,9123
GAS,9124
OIL,9125
ELECTRIC,9126
OIL,9127
GAS,9128
GAS,9129
OIL,9130
GAS,9131
GAS,9132
GAS,9133
GAS,9134
GAS,9135
GAS,9136
GAS,9137
GAS,9138
GAS,9139
GAS,9140
GAS,9141
GAS,9142
GAS,9143
OIL,9144
GAS,9145
GAS,9146
GAS,9147
GAS,9148
,9149
GAS,9150
GAS,9151
GAS,9152
GAS,9153
GAS,9154
GAS,9155
GAS,9156
GAS,9157
GAS,9158
GAS,9159
GAS,9160
GAS,9161
,9162
WOOD,9163
GAS,9164
GAS,9165
GAS,9166
GAS,9167
GAS,9168
GAS,9169
GAS,9170
GAS,9171
GAS,9172
GAS,9173
GAS,9174
GAS,9175
GAS,9176
,9177
GAS,9178
GAS,9179
GAS,9180
GAS,9181
OIL,9182
GAS,9183
GAS,9184
GAS,9185
GAS,9186
GAS,9187
GAS,9188
GAS,9189
GAS,9190
ELECTRIC,9191
GAS,9192
,9193
GAS,9194
OIL,9195
GAS,9196
GAS,9197
GAS,9198
GAS,9199
GAS,9200
GAS,9201
GAS,9202
GAS,9203
GAS,9204
OIL,9205
GAS,9206
GAS,9207
GAS,9208
GAS,9209
GAS,9210
OIL,9211
GAS,9212
GAS,9213
GAS,9214
GAS,9215
GAS,9216
GAS,9217
OIL,9218
GAS,9219
GAS,9220
GAS,9221
OIL,9222
GAS,9223
GAS,9224
GAS,9225
GAS,9226
OIL,9227
ELECTRIC,9228
GAS,9229
GAS,9230
GAS,9231
GAS,9232
GAS,9233
OIL,9234
OIL,9235
GAS,9236
GAS,9237
GAS,9238
GAS,9239
,9240
GAS,9241
GAS,9242
OIL,9243
GAS,9244
GAS,9245
GAS,9246
GAS,9247
OIL,9248
GAS,9249
GAS,9250
GAS,9251
GAS,9252
GAS,9253
GAS,9254
GAS,9255
GAS,9256
GAS,9257
GAS,9258
GAS,9259
OIL,9260
GAS,9261
GAS,9262
GAS,9263
,9264
GAS,9265
,9266
OIL,9267
ELECTRIC,9268
ELECTRIC,9269
GAS,9270
GAS,9271
GAS,9272
,9273
GAS,9274
GAS,9275
GAS,9276
GAS,9277
GAS,9278
GAS,9279
GAS,9280
GAS,9281
GAS,9282
GAS,9283
GAS,9284
OIL,9285
GAS,9286
GAS,9287
GAS,9288
GAS,9289
GAS,9290
GAS,9291
GAS,9292
GAS,9293
OIL,9294
GAS,9295
GAS,9296
GAS,9297
GAS,9298
OIL,9299
GAS,9300
GAS,9301
GAS,9302
GAS,9303
GAS,9304
GAS,9305
,9306
GAS,9307
PROPANE,9308
OIL,9309
PROPANE,9310
GAS,9311
GAS,9312
GAS,9313
GAS,9314
GAS,9315
GAS,9316
GAS,9317
GAS,9318
GAS,9319
GAS,9320
GAS,9321
GAS,9322
ELECTRIC,9323
GAS,9324
GAS,9325
GAS,9326
GAS,9327
GAS,9328
GAS,9329
GAS,9330
GAS,9331
GAS,9332
GAS,9333
OIL,9334
"WOOD COMBO",9335
OIL,9336
GAS,9337
GAS,9338
GAS,9339
GAS,9340
GAS,9341
GAS,9342
GAS,9343
GAS,9344
GAS,9345
GAS,9346
GAS,9347
GAS,9348
GAS,9349
GAS,9350
GAS,9351
OIL,9352
GAS,9353
GAS,9354
GAS,9355
ELECTRIC,9356
GAS,9357
GAS,9358
GAS,9359
GAS,9360
GAS,9361
GAS,9362
GAS,9363
GAS,9364
GAS,9365
GAS,9366
GAS,9367
OIL,9368
GAS,9369
OIL,9370
GAS,9371
GAS,9372
GAS,9373
GAS,9374
GAS,9375
OIL,9376
GAS,9377
GAS,9378
OIL,9379
OIL,9380
GAS,9381
GAS,9382
GAS,9383
GAS,9384
GAS,9385
GAS,9386
GAS,9387
GAS,9388
GAS,9389
GAS,9390
OIL,9391
GAS,9392
GAS,9393
,9394
GAS,9395
GAS,9396
GAS,9397
GAS,9398
GAS,9399
OIL,9400
,9401
GAS,9402
GAS,9403
GAS,9404
GAS,9405
GAS,9406
GAS,9407
GAS,9408
,9409
GAS,9410
GAS,9411
GAS,9412
GAS,9413
OIL,9414
OIL,9415
OIL,9416
GAS,9417
GAS,9418
GAS,9419
GAS,9420
GAS,9421
GAS,9422
,9423
GAS,9424
GAS,9425
GAS,9426
GAS,9427
OIL,9428
GAS,9429
GAS,9430
,9431
GAS,9432
GAS,9433
GAS,9434
GAS,9435
GAS,9436
GAS,9437
GAS,9438
GAS,9439
OIL,9440
GAS,9441
GAS,9442
GAS,9443
GAS,9444
GAS,9445
GAS,9446
GAS,9447
GAS,9448
GAS,9449
GAS,9450
GAS,9451
GAS,9452
GAS,9453
GAS,9454
GAS,9455
GAS,9456
GAS,9457
GAS,9458
GAS,9459
GAS,9460
GAS,9461
OIL,9462
GAS,9463
GAS,9464
GAS,9465
GAS,9466
GAS,9467
GAS,9468
GAS,9469
GAS,9470
GAS,9471
GAS,9472
ELECTRIC,9473
,9474
GAS,9475
GAS,9476
OIL,9477
GAS,9478
GAS,9479
GAS,9480
GAS,9481
GAS,9482
GAS,9483
GAS,9484
GAS,9485
GAS,9486
OIL,9487
OIL,9488
GAS,9489
,9490
GAS,9491
GAS,9492
GAS,9493
OIL,9494
GAS,9495
GAS,9496
GAS,9497
,9498
GAS,9499
GAS,9500
GAS,9501
GAS,9502
OIL,9503
GAS,9504
GAS,9505
GAS,9506
OIL,9507
GAS,9508
GAS,9509
GAS,9510
,9511
OIL,9512
OIL,9513
GAS,9514
GAS,9515
GAS,9516
GAS,9517
GAS,9518
OIL,9519
,9520
GAS,9521
GAS,9522
GAS,9523
GAS,9524
GAS,9525
GAS,9526
GAS,9528
GAS,9529
GAS,9530
GAS,9531
GAS,9532
GAS,9533
OIL,9534
GAS,9535
GAS,9536
GAS,9537
GAS,9538
GAS,9539
,9540
GAS,9541
GAS,9542
GAS,9543
GAS,9544
GAS,9545
GAS,9546
GAS,9547
GAS,9548
GAS,9549
GAS,9550
GAS,9551
GAS,9552
OIL,9553
GAS,9554
GAS,9555
GAS,9556
GAS,9557
GAS,9558
GAS,9559
GAS,9560
GAS,9561
GAS,9562
GAS,9563
OIL,9564
GAS,9565
GAS,9566
GAS,9567
GAS,9568
GAS,9569
OIL,9570
GAS,9571
GAS,9572
GAS,9573
,9574
OIL,9575
GAS,9576
GAS,9577
GAS,9578
GAS,9579
GAS,9580
GAS,9581
ELECTRIC,9582
GAS,9583
OIL,9584
GAS,9585
GAS,9586
GAS,9587
GAS,9588
GAS,9589
GAS,9590
GAS,9591
GAS,9592
GAS,9593
GAS,9594
OIL,9595
OIL,9596
GAS,9597
GAS,9598
GAS,9599
GAS,9600
GAS,9601
GAS,9602
GAS,9603
GAS,9604
GAS,9605
GAS,9606
GAS,9607
GAS,9608
GAS,9609
GAS,9610
OIL,9611
GAS,9612
GAS,9613
GAS,9614
GAS,9615
GAS,9616
GAS,9617
GAS,9618
GAS,9619
GAS,9620
GAS,9621
GAS,9622
GAS,9623
GAS,9624
GAS,9625
GAS,9626
GAS,9627
OIL,9628
GAS,9629
NONE,9630
GAS,9631
OIL,9632
GAS,9633
GAS,9634
PROPANE,9635
GAS,9636
GAS,9637
GAS,9638
OIL,9639
,9640
GAS,9641
GAS,9642
GAS,9643
GAS,9644
GAS,9645
GAS,9646
GAS,9647
,9648
GAS,9649
GAS,9650
GAS,9651
OIL,9652
OIL,9653
GAS,9654
,9655
GAS,9656
GAS,9657
GAS,9658
OIL,9659
GAS,9660
GAS,9661
PROPANE,9662
GAS,9663
GAS,9664
GAS,9665
ELECTRIC,9666
,9667
GAS,9668
GAS,9669
GAS,9670
GAS,9671
GAS,9672
GAS,9673
GAS,9674
GAS,9675
GAS,9676
ELECTRIC,9677
GAS,9678
GAS,9679
GAS,9680
GAS,9681
GAS,9682
GAS,9683
GAS,9684
,9685
GAS,9686
GAS,9687
,9688
GAS,9689
GAS,9690
GAS,9691
GAS,9692
GAS,9693
OIL,9694
GAS,9695
GAS,9696
GAS,9697
GAS,9698
GAS,9699
GAS,9700
GAS,9701
GAS,9702
GAS,9703
GAS,9704
GAS,9705
GAS,9706
GAS,9707
GAS,9708
GAS,9709
GAS,9710
GAS,9711
GAS,9712
GAS,9713
GAS,9714
GAS,9715
GAS,9716
GAS,9717
OIL,9718
GAS,9719
GAS,9720
GAS,9721
GAS,9722
OIL,9723
GAS,9724
GAS,9725
GAS,9726
GAS,9727
GAS,9728
GAS,9729
GAS,9730
GAS,9731
GAS,9732
GAS,9733
GAS,9734
GAS,9735
PROPANE,9736
,9737
GAS,9738
GAS,9739
GAS,9740
GAS,9741
OIL,9742
OIL,9743
GAS,9744
GAS,9745
GAS,9746
GAS,9747
GAS,9748
GAS,9749
GAS,9750
GAS,9751
GAS,9752
OIL,9753
GAS,9754
GAS,9755
GAS,9756
GAS,9757
GAS,9758
GAS,9759
GAS,9760
GAS,9761
GAS,9762
GAS,9763
GAS,9764
GAS,9765
,9766
GAS,9767
GAS,9768
GAS,9769
GAS,9770
GAS,9771
GAS,9772
GAS,9773
GAS,9774
GAS,9775
GAS,9776
GAS,9777
OIL,9778
GAS,9779
GAS,9780
GAS,9781
GAS,9782
OIL,9783
GAS,9784
OIL,9785
OIL,9786
GAS,9787
GAS,9788
GAS,9789
OIL,9790
GAS,9791
GAS,9792
GAS,9793
GAS,9794
GAS,9795
GAS,9796
GAS,9797
GAS,9798
,9799
GAS,9800
GAS,9801
ELECTRIC,9802
GAS,9803
OIL,9804
GAS,9805
GAS,9806
GAS,9807
GAS,9808
GAS,9809
GAS,9810
OIL,9811
GAS,9812
GAS,9813
GAS,9814
GAS,9815
GAS,9816
GAS,9817
,9818
GAS,9819
GAS,9820
GAS,9821
GAS,9822
GAS,9823
ELECTRIC,9824
GAS,9825
GAS,9826
GAS,9827
GAS,9828
GAS,9829
OIL,9830
GAS,9831
ELECTRIC,9832
GAS,9833
GAS,9834
GAS,9835
GAS,9836
GAS,9837
GAS,9838
GAS,9839
GAS,9840
GAS,9841
GAS,9842
GAS,9843
GAS,9844
GAS,9845
GAS,9846
GAS,9847
GAS,9848
GAS,9849
GAS,9850
GAS,9851
GAS,9852
GAS,9853
GAS,9854
GAS,9855
,9856
GAS,9857
GAS,9858
OIL,9859
OIL,9860
GAS,9861
OIL,9862
GAS,9863
GAS,9864
GAS,9865
GAS,9866
GAS,9867
ELECTRIC,9868
GAS,9869
GAS,9870
OIL,9871
GAS,9872
GAS,9873
GAS,9874
GAS,9875
OIL,9876
GAS,9877
GAS,9878
GAS,9879
GAS,9880
OIL,9881
GAS,9882
GAS,9883
GAS,9884
GAS,9885
GAS,9886
GAS,9887
GAS,9888
GAS,9889
OIL,9890
GAS,9891
GAS,9892
GAS,9893
PROPANE,9894
GAS,9895
GAS,9896
GAS,9897
OIL,9898
GAS,9899
GAS,9900
GAS,9901
GAS,9902
GAS,9903
GAS,9904
GAS,9905
GAS,9906
GAS,9907
GAS,9908
GAS,9909
,9910
OIL,9911
,9912
GAS,9913
GAS,9914
GAS,9915
GAS,9916
GAS,9917
GAS,9918
GAS,9919
GAS,9920
,9921
GAS,9922
GAS,9923
GAS,9924
GAS,9925
GAS,9926
GAS,9927
GAS,9928
GAS,9929
GAS,9930
GAS,9931
OIL,9932
GAS,9933
GAS,9934
,9935
GAS,9936
GAS,9937
GAS,9938
,9939
ELECTRIC,9940
OIL,9941
GAS,9942
GAS,9943
GAS,9944
GAS,9945
ELECTRIC,9946
GAS,9947
GAS,9948
GAS,9949
,9950
GAS,9951
GAS,9952
GAS,9953
GAS,9954
GAS,9955
OIL,9956
OIL,9957
OIL,9958
GAS,9959
GAS,9960
GAS,9961
GAS,9962
GAS,9963
OIL,9964
OIL,9965
GAS,9966
GAS,9967
OIL,9968
GAS,9969
GAS,9970
GAS,9971
GAS,9972
GAS,9973
GAS,9974
GAS,9975
ELECTRIC,9976
OIL,9977
GAS,9978
GAS,9979
GAS,9980
GAS,9981
GAS,9982
GAS,9983
GAS,9984
GAS,9985
,9986
,9987
GAS,9988
OIL,9989
GAS,9990
GAS,9991
GAS,9992
ELECTRIC,9993
OIL,9994
GAS,9995
GAS,9996
GAS,9997
,9998
GAS,9999
GAS,10000
GAS,10001
GAS,10002
,10003
GAS,10004
GAS,10005
GAS,10006
GAS,10007
ELECTRIC,10008
OIL,10009
GAS,10010
GAS,10011
GAS,10012
GAS,10013
GAS,10014
GAS,10015
GAS,10016
,10017
GAS,10018
GAS,10019
GAS,10020
GAS,10021
GAS,10022
GAS,10023
GAS,10024
OIL,10025
GAS,10026
GAS,10027
GAS,10028
GAS,10029
GAS,10030
GAS,10031
GAS,10032
GAS,10033
GAS,10034
,10035
,10036
GAS,10037
GAS,10038
GAS,10039
,10040
GAS,10041
GAS,10042
GAS,10043
GAS,10044
GAS,10045
OIL,10046
GAS,10047
GAS,10048
OIL,10049
GAS,10050
GAS,10051
GAS,10052
GAS,10053
GAS,10054
GAS,10055
GAS,10056
GAS,10057
GAS,10058
GAS,10059
,10060
GAS,10061
OIL,10062
GAS,10063
GAS,10064
OIL,10065
OIL,10066
GAS,10067
OIL,10068
GAS,10069
GAS,10070
GAS,10071
OIL,10072
GAS,10073
GAS,10074
OIL,10075
GAS,10076
GAS,10077
GAS,10078
,10079
OIL,10080
GAS,10081
GAS,10082
GAS,10083
GAS,10084
,10085
OIL,10086
GAS,10087
GAS,10088
GAS,10089
GAS,10090
GAS,10091
GAS,10092
GAS,10093
GAS,10094
GAS,10095
GAS,10096
GAS,10097
GAS,10098
GAS,10099
OIL,10100
OIL,10101
GAS,10102
GAS,10103
GAS,10104
GAS,10105
OIL,10106
GAS,10107
GAS,10108
GAS,10109
GAS,10110
GAS,10111
GAS,10112
GAS,10113
,10114
GAS,10115
GAS,10116
ELECTRIC,10117
GAS,10118
GAS,10119
GAS,10120
GAS,10121
GAS,10122
GAS,10123
GAS,10124
GAS,10125
GAS,10126
GAS,10127
GAS,10128
OIL,10129
GAS,10130
GAS,10131
OIL,10132
GAS,10133
GAS,10134
GAS,10135
OIL,10136
GAS,10137
OIL,10138
GAS,10139
GAS,10140
GAS,10141
GAS,10142
GAS,10143
,10144
,10145
GAS,10146
GAS,10147
GAS,10148
GAS,10149
GAS,10150
GAS,10151
GAS,10152
GAS,10153
GAS,10154
ELECTRIC,10155
GAS,10156
GAS,10157
GAS,10158
GAS,10159
GAS,10160
GAS,10161
ELECTRIC,10162
OIL,10163
OIL,10164
OIL,10165
GAS,10166
,10167
GAS,10168
GAS,10169
GAS,10170
GAS,10171
OIL,10172
GAS,10173
GAS,10174
GAS,10175
ELECTRIC,10176
GAS,10177
,10178
GAS,10179
OIL,10180
WOOD,10181
GAS,10182
GAS,10183
GAS,10184
GAS,10185
GAS,10186
GAS,10187
GAS,10188
GAS,10189
GAS,10190
,10191
GAS,10192
GAS,10193
GAS,10194
ELECTRIC,10195
GAS,10196
GAS,10197
GAS,10198
GAS,10199
GAS,10200
GAS,10201
GAS,10202
GAS,10203
GAS,10204
GAS,10205
GAS,10206
GAS,10207
GAS,10208
GAS,10209
GAS,10210
GAS,10211
OIL,10212
GAS,10213
GAS,10214
GAS,10215
ELECTRIC,10216
GAS,10217
GAS,10218
OIL,10219
,10220
GAS,10221
GAS,10222
OIL,10223
,10224
GAS,10225
GAS,10226
GAS,10227
GAS,10228
GAS,10229
GAS,10230
,10231
GAS,10232
GAS,10233
,10234
GAS,10235
GAS,10236
GAS,10237
GAS,10238
OIL,10239
GAS,10240
GAS,10241
GAS,10242
GAS,10243
OIL,10244
PROPANE,10245
GAS,10246
GAS,10247
GAS,10248
OIL,10249
GAS,10250
OIL,10251
GAS,10252
GAS,10253
,10254
GAS,10255
GAS,10256
,10257
GAS,10258
GAS,10259
GAS,10260
GAS,10261
OIL,10262
OIL,10263
GAS,10264
GAS,10265
GAS,10266
GAS,10267
,10268
GAS,10269
GAS,10270
GAS,10271
GAS,10272
GAS,10273
GAS,10274
GAS,10275
GAS,10276
GAS,10277
ELECTRIC,10278
GAS,10279
ELECTRIC,10280
ELECTRIC,10281
GAS,10282
GAS,10283
GAS,10284
GAS,10285
GAS,10286
GAS,10287
GAS,10288
GAS,10289
GAS,10290
GAS,10291
GAS,10292
GAS,10293
OIL,10294
GAS,10295
GAS,10296
GAS,10297
GAS,10298
GAS,10299
,10300
GAS,10301
OIL,10302
GAS,10303
GAS,10304
GAS,10305
GAS,10306
,10307
OIL,10308
GAS,10309
GAS,10310
GAS,10311
GAS,10312
GAS,10313
GAS,10314
GAS,10315
GAS,10316
GAS,10317
GAS,10318
GAS,10319
GAS,10320
GAS,10321
OIL,10322
GAS,10323
GAS,10324
,10325
GAS,10326
GAS,10327
GAS,10328
GAS,10329
GAS,10330
GAS,10331
,10332
GAS,10333
GAS,10334
GAS,10335
,10336
GAS,10337
GAS,10338
OIL,10339
GAS,10340
GAS,10341
ELECTRIC,10342
GAS,10343
GAS,10344
OIL,10345
GAS,10346
GAS,10347
GAS,10348
GAS,10349
OIL,10350
ELECTRIC,10351
GAS,10352
GAS,10353
GAS,10354
GAS,10355
GAS,10356
GAS,10357
GAS,10358
GAS,10359
ELECTRIC,10360
GAS,10361
,10362
GAS,10363
GAS,10364
OIL,10365
OIL,10366
OIL,10367
,10368
GAS,10369
GAS,10370
GAS,10371
GAS,10372
GAS,10373
GAS,10374
OIL,10375
,10376
GAS,10377
GAS,10378
OIL,10379
GAS,10380
GAS,10381
GAS,10382
GAS,10383
OIL,10384
GAS,10385
GAS,10386
GAS,10387
GAS,10388
GAS,10389
GAS,10390
GAS,10391
GAS,10392
GAS,10393
GAS,10394
OIL,10395
GAS,10396
GAS,10397
GAS,10398
GAS,10399
GAS,10400
GAS,10401
GAS,10402
OIL,10403
GAS,10404
GAS,10405
OIL,10406
ELECTRIC,10407
GAS,10408
OIL,10409
GAS,10410
GAS,10411
OIL,10412
GAS,10413
GAS,10414
GAS,10415
GAS,10416
GAS,10417
GAS,10418
GAS,10419
GAS,10420
GAS,10421
GAS,10422
GAS,10423
GAS,10424
GAS,10425
OIL,10426
GAS,10427
GAS,10428
GAS,10429
GAS,10430
GAS,10431
PROPANE,10432
GAS,10433
GAS,10434
OIL,10435
ELECTRIC,10436
OIL,10437
GAS,10438
GAS,10439
GAS,10440
GAS,10441
OIL,10442
GAS,10443
GAS,10444
GAS,10445
OIL,10446
GAS,10447
GAS,10448
GAS,10449
GAS,10450
GAS,10451
GAS,10452
OIL,10453
GAS,10454
ELECTRIC,10455
GAS,10456
NONE,10457
GAS,10458
GAS,10459
GAS,10460
GAS,10461
GAS,10462
PROPANE,10463
GAS,10464
GAS,10465
OIL,10466
OIL,10467
GAS,10468
GAS,10469
GAS,10470
GAS,10471
OIL,10472
GAS,10473
GAS,10474
GAS,10475
ELECTRIC,10476
GAS,10477
OIL,10478
GAS,10479
ELECTRIC,10480
GAS,10481
GAS,10482
GAS,10483
GAS,10484
GAS,10485
GAS,10486
GAS,10487
GAS,10488
GAS,10489
GAS,10490
GAS,10491
GAS,10492
GAS,10493
,10494
GAS,10495
GAS,10496
GAS,10497
GAS,10498
GAS,10499
,10500
OIL,10501
GAS,10502
GAS,10503
GAS,10504
GAS,10505
GAS,10506
GAS,10507
OIL,10508
GAS,10509
GAS,10510
GAS,10511
GAS,10512
GAS,10513
GAS,10514
OIL,10515
GAS,10516
GAS,10517
OIL,10518
OIL,10519
GAS,10520
OIL,10521
GAS,10522
GAS,10523
GAS,10524
GAS,10525
OIL,10526
GAS,10527
GAS,10528
GAS,10529
OIL,10530
ELECTRIC,10531
GAS,10532
GAS,10533
GAS,10534
GAS,10535
GAS,10536
GAS,10537
,10538
GAS,10539
ELECTRIC,10540
GAS,10541
GAS,10542
GAS,10543
,10544
OIL,10545
OIL,10546
GAS,10547
GAS,10548
ELECTRIC,10549
OIL,10550
GAS,10551
OIL,10552
GAS,10553
ELECTRIC,10554
GAS,10555
GAS,10556
GAS,10557
GAS,10558
GAS,10559
OIL,10560
OIL,10561
GAS,10562
GAS,10563
GAS,10564
GAS,10565
GAS,10566
GAS,10567
GAS,10568
GAS,10569
GAS,10570
GAS,10571
OIL,10572
OIL,10573
GAS,10574
GAS,10575
GAS,10576
GAS,10577
OIL,10578
GAS,10579
GAS,10580
GAS,10581
GAS,10582
GAS,10583
GAS,10584
GAS,10585
OIL,10586
OIL,10587
GAS,10588
GAS,10589
GAS,10590
GAS,10591
GAS,10592
NONE,10593
GAS,10594
OIL,10595
GAS,10596
GAS,10597
GAS,10598
GAS,10599
GAS,10600
ELECTRIC,10601
GAS,10602
GAS,10603
GAS,10604
GAS,10605
GAS,10606
OIL,10607
GAS,10608
GAS,10609
GAS,10610
GAS,10611
GAS,10612
GAS,10613
GAS,10614
GAS,10615
GAS,10616
GAS,10617
GAS,10618
GAS,10619
OIL,10620
GAS,10621
GAS,10622
,10623
GAS,10624
GAS,10625
GAS,10626
OIL,10627
ELECTRIC,10628
GAS,10629
GAS,10630
GAS,10631
GAS,10632
GAS,10633
GAS,10634
GAS,10635
GAS,10636
GAS,10637
OIL,10638
GAS,10639
GAS,10640
GAS,10641
GAS,10642
GAS,10643
PROPANE,10644
GAS,10645
GAS,10646
GAS,10647
GAS,10648
GAS,10649
GAS,10650
GAS,10651
GAS,10652
GAS,10653
GAS,10654
GAS,10655
GAS,10656
,10657
GAS,10658
GAS,10659
GAS,10660
GAS,10661
GAS,10662
GAS,10663
GAS,10664
GAS,10665
GAS,10666
GAS,10667
GAS,10668
GAS,10669
GAS,10670
GAS,10671
GAS,10672
OIL,10673
GAS,10674
GAS,10675
ELECTRIC,10676
GAS,10677
GAS,10678
GAS,10679
ELECTRIC,10680
,10681
GAS,10682
GAS,10683
GAS,10684
GAS,10685
GAS,10686
GAS,10687
GAS,10688
GAS,10689
GAS,10690
OIL,10691
GAS,10692
,10693
ELECTRIC,10694
GAS,10695
GAS,10696
GAS,10697
GAS,10698
GAS,10699
GAS,10700
GAS,10701
OIL,10702
GAS,10703
GAS,10704
GAS,10705
GAS,10706
GAS,10707
,10708
GAS,10709
OIL,10710
PROPANE,10711
,10712
,10713
GAS,10714
OIL,10715
GAS,10716
GAS,10717
GAS,10718
GAS,10719
GAS,10720
OIL,10721
GAS,10722
GAS,10723
GAS,10724
GAS,10725
GAS,10726
GAS,10727
GAS,10728
GAS,10729
OIL,10730
GAS,10731
GAS,10732
GAS,10733
GAS,10734
ELECTRIC,10735
PROPANE,10736
OIL,10737
GAS,10738
GAS,10739
GAS,10740
GAS,10741
GAS,10742
GAS,10743
GAS,10744
GAS,10745
GAS,10746
GAS,10747
GAS,10748
OIL,10749
GAS,10750
GAS,10751
GAS,10752
GAS,10753
GAS,10754
GAS,10755
GAS,10756
GAS,10757
GAS,10758
GAS,10759
GAS,10760
GAS,10761
GAS,10762
ELECTRIC,10763
GAS,10764
OIL,10765
GAS,10766
GAS,10767
GAS,10768
,10769
,10770
GAS,10771
GAS,10772
GAS,10773
ELECTRIC,10774
ELECTRIC,10775
GAS,10776
GAS,10777
OIL,10778
GAS,10779
GAS,10780
GAS,10781
GAS,10782
GAS,10783
GAS,10784
GAS,10785
GAS,10786
OIL,10787
GAS,10788
GAS,10789
GAS,10790
OIL,10791
GAS,10792
GAS,10793
,10794
ELECTRIC,10795
GAS,10796
GAS,10797
GAS,10798
OIL,10799
GAS,10800
GAS,10801
GAS,10802
,10803
GAS,10804
GAS,10805
GAS,10806
GAS,10807
GAS,10808
GAS,10809
OIL,10810
OIL,10811
GAS,10812
GAS,10813
OIL,10814
GAS,10815
GAS,10816
GAS,10817
GAS,10818
GAS,10819
GAS,10820
GAS,10821
,10822
GAS,10823
OIL,10824
GAS,10825
GAS,10826
GAS,10827
GAS,10828
GAS,10829
GAS,10830
GAS,10831
GAS,10832
GAS,6001
ELECTRIC,6002
GAS,6003
OIL,6004
GAS,6005
GAS,6006
OIL,6007
GAS,6008
GAS,6009
GAS,6010
GAS,6011
GAS,6012
GAS,6013
GAS,6014
GAS,6015
GAS,6016
GAS,6017
GAS,6018
GAS,6019
GAS,6020
GAS,6021
,6022
GAS,6023
GAS,6024
GAS,6025
GAS,6026
GAS,6027
GAS,6028
GAS,6029
GAS,6030
PROPANE,6031
GAS,6032
GAS,6033
GAS,6034
GAS,6035
GAS,6036
GAS,6037
GAS,6038
GAS,6039
GAS,6040
GAS,6041
GAS,6042
GAS,6043
GAS,6044
GAS,6045
GAS,6046
GAS,6047
ELECTRIC,6048
GAS,6049
OIL,6050
GAS,6051
GAS,6052
GAS,6053
GAS,6054
GAS,6055
GAS,6056
GAS,6057
OIL,6058
GAS,6059
GAS,6060
GAS,6061
GAS,6062
GAS,6063
GAS,6064
GAS,6065
OIL,6066
GAS,6067
GAS,6068
GAS,6069
GAS,6070
OIL,6071
GAS,6072
GAS,6073
OIL,6074
OIL,6075
GAS,6076
GAS,6077
OIL,6078
GAS,6079
,6080
GAS,6081
GAS,6082
GAS,6083
GAS,6084
GAS,6085
OIL,6086
OIL,6087
GAS,6088
GAS,6089
OIL,6090
GAS,6091
GAS,6092
GAS,6093
GAS,6094
GAS,6095
GAS,6096
GAS,6097
GAS,6098
GAS,6099
GAS,6100
GAS,6101
GAS,6102
GAS,6103
OIL,6104
GAS,6105
GAS,6106
GAS,6107
GAS,6108
GAS,6109
GAS,6110
GAS,6111
GAS,6112
GAS,6113
OIL,6114
,6115
GAS,6116
GAS,6117
GAS,6118
GAS,6119
,6120
GAS,6121
GAS,6122
,6123
GAS,6124
GAS,6125
OIL,6126
GAS,6127
GAS,6128
GAS,6129
GAS,6130
GAS,6131
GAS,6132
GAS,6133
GAS,6134
OIL,6135
OIL,6136
GAS,6137
GAS,6138
GAS,6139
GAS,6140
GAS,6141
GAS,6142
GAS,6143
GAS,6144
GAS,6145
GAS,6146
ELECTRIC,6147
GAS,6148
GAS,6149
GAS,6150
GAS,6151
GAS,6152
GAS,6153
GAS,6154
GAS,6155
GAS,6156
GAS,6157
GAS,6158
GAS,6159
ELECTRIC,6160
GAS,6161
GAS,6162
GAS,6163
GAS,6164
OIL,6165
PROPANE,6166
GAS,6167
,6168
GAS,6169
GAS,6170
GAS,6171
GAS,6172
GAS,6173
,6174
GAS,6175
GAS,6176
OIL,6177
OIL,6178
GAS,6179
GAS,6180
GAS,6181
GAS,6182
GAS,6183
GAS,6184
GAS,6185
GAS,6186
GAS,6187
GAS,6188
GAS,6189
GAS,6190
GAS,6191
GAS,6192
GAS,6193
,6194
GAS,6195
GAS,6196
GAS,6197
GAS,6198
GAS,6199
GAS,6200
GAS,6201
GAS,6202
GAS,6203
,6204
GAS,6205
GAS,6206
GAS,6207
GAS,6208
OIL,6209
GAS,6210
GAS,6211
GAS,6212
GAS,6213
GAS,6214
GAS,6215
GAS,6216
GAS,6217
GAS,6218
,6219
GAS,6220
GAS,6221
GAS,6222
GAS,6223
GAS,6224
ELECTRIC,6225
GAS,6226
GAS,6227
GAS,6228
OIL,6229
GAS,6230
GAS,6231
GAS,6232
GAS,6233
GAS,6234
GAS,6235
GAS,6236
GAS,6237
GAS,6238
GAS,6239
GAS,6240
PROPANE,6241
GAS,6242
GAS,6243
GAS,6244
OIL,6245
GAS,6246
GAS,6247
GAS,6248
GAS,6249
GAS,6250
GAS,6251
GAS,6252
GAS,6253
GAS,6254
GAS,6255
GAS,6256
GAS,6257
OIL,6258
GAS,6259
GAS,6260
GAS,6261
GAS,6262
GAS,6263
GAS,6264
GAS,6265
GAS,6266
GAS,6267
GAS,6268
GAS,6269
GAS,6270
GAS,6271
GAS,6272
GAS,6273
GAS,6274
GAS,6275
GAS,6276
GAS,6277
GAS,6278
GAS,6279
GAS,6280
OIL,6281
ELECTRIC,6282
OIL,6283
ELECTRIC,6284
GAS,6285
GAS,6286
GAS,6287
GAS,6288
GAS,6289
GAS,6290
ELECTRIC,6291
GAS,6292
OIL,6293
PROPANE,6294
GAS,6295
GAS,6296
GAS,6297
GAS,6298
GAS,6299
GAS,6300
ELECTRIC,6301
GAS,6302
GAS,6303
GAS,6304
,6305
GAS,6306
GAS,6307
GAS,6308
GAS,6309
OIL,6310
GAS,6311
GAS,6312
GAS,6313
GAS,6314
GAS,6315
GAS,6316
GAS,6317
GAS,6318
GAS,6319
GAS,6320
GAS,6321
,6322
GAS,6323
GAS,6324
GAS,6325
GAS,6326
GAS,6327
OIL,6328
OIL,6329
GAS,6330
GAS,6331
GAS,6332
GAS,6333
GAS,6334
GAS,6335
GAS,6336
GAS,6337
GAS,6338
GAS,6339
GAS,6340
GAS,6341
GAS,6342
GAS,6343
GAS,6344
GAS,6345
GAS,6346
GAS,6347
GAS,6348
GAS,6349
GAS,6350
GAS,6351
GAS,6352
GAS,6353
GAS,6354
GAS,6355
GAS,6356
GAS,6357
GAS,6358
OIL,6359
GAS,6360
GAS,6361
GAS,6362
GAS,6363
OIL,6364
GAS,6365
GAS,6366
GAS,6367
GAS,6368
GAS,6369
GAS,6370
GAS,6371
GAS,6372
,6373
GAS,6374
GAS,6375
GAS,6376
GAS,6377
GAS,6378
OIL,6379
GAS,6380
GAS,6381
GAS,6382
OIL,6383
GAS,6384
GAS,6385
GAS,6386
GAS,6387
GAS,6388
GAS,6389
GAS,6390
GAS,6391
GAS,6392
GAS,6393
GAS,6394
GAS,6395
GAS,6396
GAS,6397
GAS,6398
GAS,6399
GAS,6400
GAS,6401
GAS,6402
GAS,6403
GAS,6404
GAS,6405
GAS,6406
GAS,6407
,6408
GAS,6409
GAS,6410
GAS,6411
OIL,6412
GAS,6413
GAS,6414
GAS,6415
,6416
GAS,6417
OIL,6418
OIL,6419
OIL,6420
GAS,6421
GAS,6422
GAS,6423
GAS,6424
GAS,6425
GAS,6426
,6427
GAS,6428
GAS,6429
GAS,6430
GAS,6431
GAS,6432
GAS,6433
GAS,6434
GAS,6435
GAS,6436
GAS,6437
GAS,6438
OIL,6439
OIL,6440
GAS,6441
GAS,6442
GAS,6443
GAS,6444
OIL,6445
GAS,6446
GAS,6447
OIL,6448
GAS,6449
GAS,6450
GAS,6451
GAS,6452
GAS,6453
GAS,6454
GAS,6455
GAS,6456
GAS,6457
GAS,6458
GAS,6459
GAS,6460
GAS,6461
OIL,6462
GAS,6463
ELECTRIC,6464
GAS,6465
GAS,6466
ELECTRIC,6467
GAS,6468
OIL,6469
GAS,6470
GAS,6471
GAS,6472
GAS,6473
GAS,6474
GAS,6475
GAS,6476
GAS,6477
GAS,6478
GAS,6479
GAS,6480
GAS,6481
GAS,6482
GAS,6483
GAS,6484
OIL,6485
ELECTRIC,6486
GAS,6487
GAS,6488
GAS,6489
GAS,6490
ELECTRIC,6491
GAS,6492
GAS,6493
GAS,6494
GAS,6495
GAS,6496
GAS,6497
GAS,6498
GAS,6499
GAS,6500
GAS,6501
GAS,6502
,6503
GAS,6504
GAS,6505
GAS,6506
GAS,6507
GAS,6508
GAS,6509
GAS,6510
GAS,6511
GAS,6512
GAS,6513
GAS,6514
GAS,6515
GAS,6516
GAS,6517
,6518
GAS,6519
GAS,6520
GAS,6521
GAS,6522
GAS,6523
GAS,6524
GAS,6525
GAS,6526
GAS,6527
GAS,6528
GAS,6529
GAS,6530
GAS,6531
OIL,6532
GAS,6533
OIL,6534
GAS,6535
GAS,6536
GAS,6537
ELECTRIC,6538
GAS,6539
GAS,6540
GAS,6541
GAS,6542
GAS,6543
GAS,6544
GAS,6545
GAS,6546
GAS,6547
GAS,6548
GAS,6549
GAS,6550
GAS,6551
GAS,6552
GAS,6553
,6554
,6555
GAS,6556
GAS,6557
GAS,6558
GAS,6559
GAS,6560
GAS,6561
GAS,6562
GAS,6563
GAS,6564
GAS,6565
OIL,6566
GAS,6567
,6568
GAS,6569
GAS,6570
GAS,6571
ELECTRIC,6572
GAS,6573
GAS,6574
GAS,6575
GAS,6576
GAS,6577
GAS,6578
GAS,6579
GAS,6580
GAS,6581
GAS,6582
GAS,6583
GAS,6584
GAS,6585
OIL,6586
GAS,6587
GAS,6588
GAS,6589
GAS,6590
GAS,6591
OIL,6592
GAS,6593
GAS,6594
GAS,6595
GAS,6596
GAS,6597
GAS,6598
GAS,6599
GAS,6600
OIL,6601
GAS,6602
GAS,6603
GAS,6604
GAS,6605
GAS,6606
GAS,6607
GAS,6608
GAS,6609
,6610
GAS,6611
,6612
OIL,6613
GAS,6614
GAS,6615
,6616
GAS,6617
GAS,6618
GAS,6619
GAS,6620
GAS,6621
GAS,6622
GAS,6623
GAS,6624
GAS,6625
GAS,6626
GAS,6627
GAS,6628
GAS,6629
GAS,6630
GAS,6631
GAS,6632
GAS,6633
GAS,6634
GAS,6635
GAS,6636
GAS,6637
GAS,6638
GAS,6639
,6640
GAS,6641
GAS,6642
,6643
GAS,6644
GAS,6645
GAS,6646
,6647
GAS,6648
,6649
GAS,6650
,6651
GAS,6652
GAS,6653
GAS,6654
GAS,6655
GAS,6656
GAS,6657
OIL,6658
,6659
GAS,6660
GAS,6661
GAS,6662
GAS,6663
ELECTRIC,6664
GAS,6665
GAS,6666
GAS,6667
GAS,6668
GAS,6669
GAS,6670
,6671
GAS,6672
GAS,6673
ELECTRIC,6674
GAS,6675
GAS,6676
ELECTRIC,6677
GAS,6678
GAS,6679
GAS,6680
GAS,6681
GAS,6682
GAS,6683
GAS,6684
ELECTRIC,6685
GAS,6686
GAS,6687
GAS,6688
GAS,6689
GAS,6690
GAS,6691
GAS,6692
GAS,6693
GAS,6694
GAS,6695
GAS,6696
GAS,6697
OIL,6698
GAS,6699
GAS,6700
GAS,6701
OIL,6702
GAS,6703
GAS,6704
GAS,6705
GAS,6706
GAS,6707
GAS,6708
GAS,6709
GAS,6710
GAS,6711
GAS,6712
GAS,6713
GAS,6714
GAS,6715
GAS,6716
GAS,6717
,6718
GAS,6719
GAS,6720
GAS,6721
GAS,6722
GAS,6723
OIL,6724
GAS,6725
GAS,6726
GAS,6727
GAS,6728
GAS,6729
OIL,6730
GAS,6731
GAS,6732
GAS,6733
OIL,6734
GAS,6735
OIL,6736
ELECTRIC,6737
GAS,6738
GAS,6739
GAS,6740
GAS,6741
OIL,6742
OIL,6743
GAS,6744
GAS,6745
OIL,6746
GAS,6747
GAS,6748
OIL,6749
GAS,6750
GAS,6751
GAS,6752
GAS,6753
GAS,6754
OIL,6755
GAS,6756
GAS,6757
,6758
GAS,6759
GAS,6760
GAS,6761
GAS,6762
GAS,6763
GAS,6764
OIL,6765
GAS,6766
GAS,6767
,6768
GAS,6769
GAS,6770
GAS,6771
OIL,6772
GAS,6773
GAS,6774
GAS,6775
GAS,6776
GAS,6777
GAS,6778
GAS,6779
GAS,6780
GAS,6781
GAS,6782
GAS,6783
GAS,6784
GAS,6785
GAS,6786
GAS,6787
GAS,6788
GAS,6789
GAS,6790
GAS,6791
GAS,6792
GAS,6793
GAS,6794
OIL,6795
GAS,6796
,6797
GAS,6798
OIL,6799
,6800
GAS,6801
GAS,6802
GAS,6803
GAS,6804
OIL,6805
GAS,6806
GAS,6807
GAS,6808
GAS,6809
OIL,6810
GAS,6811
GAS,6812
GAS,6813
GAS,6814
GAS,6815
OIL,6816
GAS,6817
GAS,6818
GAS,6819
GAS,6820
,6821
GAS,6822
GAS,6823
PROPANE,6824
OIL,6825
GAS,6826
GAS,6827
GAS,6828
GAS,6829
GAS,6830
OIL,6831
GAS,6832
GAS,6833
GAS,6834
GAS,6835
GAS,6836
GAS,6837
OIL,6838
GAS,6839
GAS,6840
GAS,6841
GAS,6842
GAS,6843
ELECTRIC,6844
GAS,6845
GAS,6846
,6847
GAS,6848
GAS,6849
GAS,6850
GAS,6851
GAS,6852
GAS,6853
GAS,6854
GAS,6855
GAS,6856
GAS,6857
GAS,6858
GAS,6859
GAS,6860
GAS,6861
GAS,6862
GAS,6863
GAS,6864
ELECTRIC,6865
GAS,6866
GAS,6867
GAS,6868
GAS,6869
GAS,6870
GAS,6871
GAS,6872
GAS,6873
GAS,6874
GAS,6875
GAS,6876
GAS,6877
GAS,6878
GAS,6879
GAS,6880
GAS,6881
GAS,6882
OIL,6883
GAS,6884
GAS,6885
GAS,6886
,6887
GAS,6888
,6889
GAS,6890
GAS,6891
GAS,6892
GAS,6893
,6894
GAS,6895
OIL,6896
GAS,6897
GAS,6898
GAS,6899
GAS,6900
OIL,6901
GAS,6902
GAS,6903
OIL,6904
GAS,6905
OIL,6906
GAS,6907
GAS,6908
ELECTRIC,6909
GAS,6910
GAS,6911
GAS,6912
GAS,6913
GAS,6914
GAS,6915
GAS,6916
GAS,6917
GAS,6918
GAS,6919
GAS,6920
GAS,6921
GAS,6922
GAS,6923
GAS,6924
GAS,6925
GAS,6926
GAS,6927
GAS,6928
OIL,6929
GAS,6930
GAS,6931
GAS,6932
GAS,6933
GAS,6934
GAS,6935
GAS,6936
GAS,6937
,6938
OIL,6939
ELECTRIC,6940
GAS,6941
,6942
GAS,6943
GAS,6944
GAS,6945
GAS,6946
GAS,6947
GAS,6948
GAS,6949
GAS,6950
GAS,6951
GAS,6952
GAS,6953
GAS,6954
GAS,6955
OIL,6956
GAS,6957
GAS,6958
GAS,6959
GAS,6960
GAS,6961
GAS,6962
GAS,6963
GAS,6964
GAS,6965
GAS,6966
GAS,6967
OIL,6968
GAS,6969
GAS,6970
GAS,6971
GAS,6972
GAS,6973
GAS,6974
GAS,6975
GAS,6976
GAS,6977
OIL,6978
GAS,6979
GAS,6980
GAS,6981
,6982
GAS,6983
OIL,6984
OIL,6985
,6986
GAS,6987
GAS,6988
GAS,6989
GAS,6990
GAS,6991
GAS,6992
ELECTRIC,6993
OIL,6994
GAS,6995
GAS,6996
GAS,6997
GAS,6998
,6999
GAS,7000
